Country,Country Code,Series,Series Code,2022M10 [2022M10],2022M11 [2022M11],2022M12 [2022M12],2022Q1 [2022Q1],2022Q2 [2022Q2],2022Q3 [2022Q3],2022Q4 [2022Q4],2023 [2023],2023M01 [2023M01],2023M02 [2023M02],2023M03 [2023M03],2023M04 [2023M04],2023M05 [2023M05],2023M06 [2023M06],2023M07 [2023M07],2023M08 [2023M08],2023M09 [2023M09],2023M10 [2023M10],2023M11 [2023M11],2023M12 [2023M12],2023Q1 [2023Q1],2023Q2 [2023Q2],2023Q3 [2023Q3],2023Q4 [2023Q4],2024 [2024],2024M01 [2024M01],2024M02 [2024M02],2024M03 [2024M03],2024M04 [2024M04],2024M05 [2024M05],2024M06 [2024M06],2024M07 [2024M07],2024M08 [2024M08],2024M09 [2024M09],2024M10 [2024M10],2024M11 [2024M11],2024M12 [2024M12],2024Q1 [2024Q1],2024Q2 [2024Q2],2024Q3 [2024Q3],2024Q4 [2024Q4],2025 [2025],2025M01 [2025M01],2025M02 [2025M02],2025M03 [2025M03],2025M04 [2025M04],2025M05 [2025M05],2025M06 [2025M06],2025Q1 [2025Q1],2025Q2 [2025Q2]
United Kingdom,GBR,"Stock Markets, LCU,,,",DSTKMKTXN,137.53738673133,146.0262736597,147.6727399321,..,..,..,..,150.03136849302,153.18267568982,156.42581545201,150.56054763834,153.69037195938,151.76887446495,148.87111878951,148.0642700394,146.81782961224,148.82756943187,145.92989947243,146.22079579228,150.01665357401,..,..,..,..,159.37712339429,150.08522332591,150.64129803808,153.32222993643,156.98635435655,163.93889465153,161.90046218386,162.36578718523,163.09594976873,163.23564338204,163.2488559141,161.06491233925,162.63986964981,..,..,..,..,168.05312580487,165.17634037353,170.60203138327,168.92177048398,160.8202386056,169.68366158451,173.11471239835,..,..
United Kingdom,GBR,"Stock Markets, US$,,,",DSTKMKTXD,96.11222245572,106.13274240476,111.33991159955,..,..,..,..,115.43619724197,115.99369757114,116.97599791761,113.11395581146,118.24328750596,117.1819670088,116.22983912219,118.08993668006,115.52558707052,114.17883712266,109.93613407144,112.38683206091,117.37829496088,..,..,..,..,126.07648778432,118.0264542276,117.70820432166,120.70314904991,121.55580166816,128.13152807205,127.37684282724,129.21750755729,130.45361399409,133.41180305595,131.90893921286,127.08526568855,127.33874373644,..,..,..,..,134.85655475533,126.16047749245,132.31701008184,134.88649409765,130.6660483373,140.19258871846,144.91670980429,..,..
United Kingdom,GBR,"Total Reserves,,,,",TOTRESV,148417.108171141,156269.31296903,158900.765037034,..,..,..,..,157908.199783314,157744.612183358,151431.937313889,154188.839995357,156297.413906446,152282.994275624,154759.891187841,159364.430504395,158042.682840946,152248.871708762,151951.804656081,155116.170930077,157908.199783314,..,..,..,..,149104.57753292,154364.470854205,153368.894785761,154237.013030926,148511.447032466,152308.084398316,150004.811135132,153419.075031146,155893.964733548,155072.012314138,151532.29780466,151583.481654953,149104.57753292,..,..,..,..,..,149175.833481367,150579.876747247,153458.215622547,159534.039733797,160930.054160415,..,..,..
United Kingdom,GBR,"Core CPI,not seas.adj,,,",CORENS,138.27343039127,138.81938125569,139.61555959964,..,..,..,..,144.57935244161,138.83075523203,140.53685168335,141.75386715196,143.77843494086,144.92720655141,145.25705186533,145.67788898999,146.07597816197,146.69017288444,147.05414012739,146.71292083713,147.65696087352,..,..,..,..,150.13553988474,146.50818926297,147.37261146497,148.25978161965,149.51091901729,150.0796178344,150.42083712466,150.56869881711,151.21701546861,151.31938125569,151.89945404914,152.0245677889,152.44540491356,..,..,..,..,153.42641037307,152.08143767061,152.77525022748,153.44631483167,155.40263876251,..,..,..,..
United Kingdom,GBR,"Core CPI,seas.adj,,,",CORESA,137.20298710115,137.97239194388,138.7983706721,..,..,..,..,143.81741721355,139.27359131025,140.57479067662,141.38945462774,142.74722787961,143.68635437882,144.13894546277,144.73862864902,144.97623896809,145.62118126273,145.9379950215,145.881421136,146.84317718941,..,..,..,..,149.34940031681,147.10341706268,147.49943426115,147.9293957909,148.35935732066,148.73274496492,149.17402127178,149.52477936185,150.0339443313,150.23761031908,150.74677528853,151.22199592668,151.62932790224,..,..,..,..,153.25016972166,152.76080561213,152.93052726861,153.12287847929,154.18646752659,..,..,..,..
United Kingdom,GBR,"CPI Price, % y-o-y, median weighted, seas. adj.,",CPTOTSAXMZGY,..,..,..,..,..,..,..,..,..,..,..,..,..,..,..,..,..,..,..,..,..,..,..,..,..,..,..,..,..,..,..,..,..,..,..,..,..,..,..,..,..,..,..,..,..,..,..,..,..,..
United Kingdom,GBR,"CPI Price, % y-o-y, not seas. adj.,,",CPTOTSAXNZGY,9.58668197474,9.35266310592,9.26113272052,..,..,..,..,6.7947241161,8.89671687374,9.18793463443,8.84753593429,7.79585063639,7.835639413,7.26691688651,6.37176027923,6.30406387855,6.38071721747,4.74432848451,4.23547339295,4.20734189542,..,..,..,..,3.27986945303,4.25862481077,3.85773324589,3.64641057687,3.09364548495,2.76451467409,2.78680766217,3.0865777695,3.07020594258,2.66927984014,3.17299110578,3.52707631227,3.46605184141,..,..,..,..,2.71820228327,3.87910282374,3.65509423052,3.49158198089,4.02634710568,..,..,..,..
United Kingdom,GBR,"CPI Price, seas. adj.,,,",CPTOTSAXN,139.13838149382,139.81117054081,140.47947432749,..,..,..,..,144.24400937419,140.73625548043,141.90354447696,142.65482557944,143.49693320326,144.19439118198,144.5296643904,144.55209069196,145.1037777105,145.89430484072,145.73956335991,145.73283546944,146.38992610534,..,..,..,..,148.97502457549,146.72968457407,147.37780468934,147.85660622778,147.93621959835,148.18066628542,148.55742815174,149.01380338861,149.55876251668,149.78863210774,150.36386674292,150.87294378848,151.46387683475,..,..,..,..,153.02446709501,152.42147991164,152.76460232561,153.01914084839,153.8926452944,..,..,..,..
United Kingdom,GBR,"CPI Price,not seas.adj,,,",CPTOTNSXN,143.688800838,144.25240242292,144.78753928132,..,..,..,..,148.64280183996,143.97117092499,145.61643211732,146.72997221843,148.50503256365,149.50585234777,149.69371954274,149.04700095642,149.54911873207,150.29034021041,150.29831033383,149.93737760168,150.56929453022,..,..,..,..,152.40375127143,149.70282825523,150.584096188,151.46650270984,151.96975907456,152.48098556269,152.6506353327,152.37737395819,152.863551487,152.81573074646,153.72660199481,153.86892562736,154.33802432026,..,..,..,..,155.43733205811,154.16837455026,154.8549437537,155.39577355741,157.33023637109,..,..,..,..
United Kingdom,GBR,"Exchange rate, new LCU per USD extended backward, period average,,",DPANUSSPB,0.88587665595,0.85200054109,0.82141512409,..,..,..,..,0.80450860162,0.81782375738,0.8275358697,0.82358998327,0.80445097771,0.80138690217,0.79265046851,0.77596475115,0.78674274911,0.80664977642,0.82147125233,0.80528788091,0.79054885077,..,..,..,..,0.78263737885,0.78684161578,0.79195104864,0.78633905592,0.79888767359,0.7917203401,0.78654441412,0.77761265327,0.77326954393,0.75720882777,0.76588486997,0.78433991171,0.79104859138,..,..,..,..,0.77190911654,0.80975803713,0.79792860026,0.77496245489,0.76108922211,0.74891296751,0.73880341736,..,..
United Kingdom,GBR,"Exchange rate, old LCU per USD extended forward, period average,,",DPANUSSPF,0.88587665595,0.85200054109,0.82141512409,..,..,..,..,0.80450860162,0.81782375738,0.8275358697,0.82358998327,0.80445097771,0.80138690217,0.79265046851,0.77596475115,0.78674274911,0.80664977642,0.82147125233,0.80528788091,0.79054885077,..,..,..,..,0.78263737885,0.78684161578,0.79195104864,0.78633905592,0.79888767359,0.7917203401,0.78654441412,0.77761265327,0.77326954393,0.75720882777,0.76588486997,0.78433991171,0.79104859138,..,..,..,..,0.77190911654,0.80975803713,0.79792860026,0.77496245489,0.76108922211,0.74891296751,0.73880341736,..,..
United Kingdom,GBR,"Exports Merchandise, Customs, constant US$, millions, not seas. adj.",DXGSRMRCHNSKD,..,..,..,..,..,..,..,..,..,..,..,..,..,..,..,..,..,..,..,..,..,..,..,..,..,..,..,..,..,..,..,..,..,..,..,..,..,..,..,..,..,..,..,..,..,..,..,..,..,..
United Kingdom,GBR,"Exports Merchandise, Customs, constant US$, millions, seas. adj.",DXGSRMRCHSAKD,39678.2737672084,37184.5579163557,34836.2183253126,85483.8466110659,95206.2423724395,116637.575573006,111699.050008877,368190.912890685,33867.9151170586,33477.8684445447,32814.6310177888,32270.3929259746,31540.9040536641,30945.392188126,28917.3169151401,28473.9925893838,28582.1706518789,29431.1007317202,28685.2993365368,29183.9289188679,100160.414579392,94756.6891677647,85973.4801564028,87300.3289871249,330073.765792781,29342.9776819409,29859.2742828142,29721.6394315329,29076.5142547091,28572.2856741489,28413.9760072939,27657.0707457815,27089.630892014,25840.9844139624,24619.4934834601,24532.3811734498,25347.5377516739,88923.891396288,86062.7759361519,80587.6860517579,74499.4124085837,..,27169.9052614797,28058.9664033109,28686.8313902671,27350.3812425865,..,..,83915.7030550578,..
United Kingdom,GBR,"Exports Merchandise, Customs, current US$, millions, not seas. adj.",DXGSRMRCHNSCD,42421.7283950617,41942.4320987654,40443.8395061728,90314,99053,119948,124808,395401,35631.7777777778,33815.2222222222,32700,33295,32825.7777777778,32301.2222222222,30973.7283950617,30899.2098765432,31330.0617283951,33730.6296296296,34073.962962963,33824.4074074074,102147,98422,93203,101629,365657,31940.3827160494,31286.2345679013,30820.3827160494,30729.6419753086,30500.2716049383,30319.0864197531,30222.975308642,30110.4938271605,30018.5308641975,29889.3086419753,29881.7160493827,29937.975308642,94047,91549,90352,89709,..,30058.0864197531,30242.049382716,30489.8641975308,..,..,..,90790,..
United Kingdom,GBR,"Exports Merchandise, Customs, current US$, millions, seas. adj.",DXGSRMRCHSACD,39278.1044342555,38197.7698398653,37520.5740882374,94273.4384790655,103087.811350499,120790.750866653,114996.448362358,396604.583523692,36316.1456076199,35546.434860101,34802.8077376681,34728.2503158236,34005.0388452101,33191.5704587519,31618.9045462361,31176.2202203376,30797.6061826525,31387.5543845735,31329.950411734,31704.0999529841,106665.388205389,101924.859619786,93592.7309492262,94421.6047492916,366871.960474062,32316.7646265767,32705.7620178086,32819.971210978,32043.06814254,31554.4000356004,31118.3527919675,30852.2061182801,30267.9885026189,29426.3349748155,27884.2511548974,27644.7486862118,28238.1122117673,97842.4978553633,94715.8209701079,90546.5295957145,83767.1120528765,..,30264.0083335522,31505.2036552899,32461.8246040585,31265.5192139987,..,..,94231.0365929006,..
United Kingdom,GBR,"Exports Merchandise, Customs, Price, US$, not seas. adj.",DXGSRMRCHNSXD,..,..,..,..,..,..,..,..,..,..,..,..,..,..,..,..,..,..,..,..,..,..,..,..,..,..,..,..,..,..,..,..,..,..,..,..,..,..,..,..,..,..,..,..,..,..,..,..,..,..
United Kingdom,GBR,"Exports Merchandise, Customs, Price, US$, seas. adj.",DXGSRMRCHSAXD,0.98991464862,1.02724819065,1.07705646284,1.10328922014,1.08373531949,1.03689885909,1.03140643404,1.07770021948,1.0722876056,1.06178907176,1.0605881175,1.07616447049,1.0781250527,1.07258522552,1.09342456076,1.09490160618,1.07751110151,1.0664757214,1.09219534522,1.08635475508,1.06488826495,1.07562491624,1.08861242281,1.0816752739,1.11230085737,1.10134577945,1.09533010441,1.1042449824,1.10202577454,1.10437087167,1.0951776965,1.1155268901,1.11732746095,1.13874667092,1.132608645,1.12686773007,1.11403768241,1.10030695542,1.1005247809,1.12386700732,1.12450468583,1.12786043847,1.11387978877,1.12282124731,1.13159324439,1.1431474734,..,..,1.12276476016,1.1431474734
United Kingdom,GBR,"GDP,constant 2010 LCU,millions,seas. adj.,",NYGDPMKTPSAKN,..,..,..,629149,631258,631977,634044,2536460,..,..,..,..,..,..,..,..,..,..,..,..,634428,634694,634327,633011,2564378,..,..,..,..,..,..,..,..,..,..,..,..,638746,641670,641675,642287,646833,..,..,..,..,..,..,646833,..
United Kingdom,GBR,"GDP,constant 2010 US$,millions,seas. adj.,",NYGDPMKTPSAKD,..,..,..,755628.170171885,758161.146956228,759024.689065257,761507.222499698,3046369.9831267,..,..,..,..,..,..,..,..,..,..,..,..,761968.418841655,762287.893391032,761847.114595464,760266.556298548,3079900.39842555,..,..,..,..,..,..,..,..,..,..,..,..,767154.475624393,770666.293603254,770672.298763956,771407.330433951,776867.222544725,..,..,..,..,..,..,776867.222544725,..
United Kingdom,GBR,"GDP,current LCU,millions,seas. adj.,",NYGDPMKTPSACN,..,..,..,610346,625467,636553,654062,2711185,..,..,..,..,..,..,..,..,..,..,..,..,665965,677760,683791,683669,2850989,..,..,..,..,..,..,..,..,..,..,..,..,698228,706477,719085,727199,738562,..,..,..,..,..,..,738562,..
United Kingdom,GBR,"GDP,current US$,millions,seas. adj.,",NYGDPMKTPSACD,..,..,..,818987.62066431,785810.110825526,748619.865619598,766690.848009964,3371202.85997326,..,..,..,..,..,..,..,..,..,..,..,..,809208.495641519,847733.949326273,865793.023358004,848467.391647464,3643684.48399132,..,..,..,..,..,..,..,..,..,..,..,..,885652.152894894,891583.970471391,934649.013696575,931799.346928456,929925.437689277,..,..,..,..,..,..,929925.437689277,..
United Kingdom,GBR,"Imports Merchandise, Customs, constant US$, millions, not seas. adj.",DMGSRMRCHNSKD,..,..,..,..,..,..,..,..,..,..,..,..,..,..,..,..,..,..,..,..,..,..,..,..,..,..,..,..,..,..,..,..,..,..,..,..,..,..,..,..,..,..,..,..,..,..,..,..,..,..
United Kingdom,GBR,"Imports Merchandise, Customs, constant US$, millions, seas. adj.",DMGSRMRCHSAKD,58493.9670348677,60472.1186584968,62800.290611488,197007.131844693,190754.970559068,181060.19111199,181766.376304853,710640.863766531,61374.1780356172,60019.6336544522,60197.4190142668,58762.8115723898,63569.2881747839,59096.0071801284,59641.372101317,58738.3643083477,55096.5317641008,59911.9354245227,58173.9986236062,56059.3239129983,181591.230704336,181428.106927302,173476.268173766,174145.257961127,716684.892095858,57942.4305907627,57044.5166780797,55405.6696770598,62298.3618548106,60356.2998551929,63428.2831388589,60355.6685628521,59977.6007154077,57236.1940817477,61214.999016845,61663.6109830354,59761.2569412057,170392.616945902,186082.944848862,177569.463360008,182639.866941086,..,59538.0541671956,62307.5709791603,62162.9074582299,61916.9630198394,..,..,184008.532604586,..
United Kingdom,GBR,"Imports Merchandise, Customs, current US$, millions, not seas. adj.",DMGSRMRCHNSCD,..,..,..,..,..,..,..,..,..,..,..,..,..,..,..,..,..,..,..,..,..,..,..,..,..,..,..,..,..,..,..,..,..,..,..,..,..,..,..,..,..,..,..,..,..,..,..,..,..,..
United Kingdom,GBR,"Imports Merchandise, Customs, current US$, millions, seas. adj.",DMGSRMRCHSACD,57716,61495,66371,208943,202466,195225,185582,750946,65533,63706,62953,62603,66696,62877,63444,62201,58129,62318,60863,59623,192192,192176,183774,182804,755928,61099,60133,59544,66033,63968,67322,63604,63693,60716,64474,63821,61521,180776,197323,188013,189816,..,60691,64989,65801,67777,..,..,191481,..
United Kingdom,GBR,"Imports Merchandise, Customs, Price, US$, not seas. adj.",DMGSRMRCHNSXD,..,..,..,..,..,..,..,..,..,..,..,..,..,..,..,..,..,..,..,..,..,..,..,..,..,..,..,..,..,..,..,..,..,..,..,..,..,..,..,..,..,..,..,..,..,..,..,..,..,..
United Kingdom,GBR,"Imports Merchandise, Customs, Price, US$, seas. adj.",DMGSRMRCHSAXD,0.98670004661,1.01691492483,1.05685816664,1.06078367346,1.06171773082,1.07770599284,1.02015771269,1.05676455202,1.06776175417,1.06141934099,1.04577573309,1.06535065843,1.04918588701,1.06398051239,1.06375822294,1.05895015519,1.05503918557,1.04016002084,1.04622342352,1.06356973003,1.05831894275,1.05950568594,1.0592491879,1.04998439147,1.0548933802,1.05447768375,1.05414163362,1.07469145932,1.05994761393,1.05983965474,1.061387707,1.05381982363,1.06194644734,1.06079729748,1.05323860223,1.0349864204,1.02944621899,1.06110359223,1.06039165856,1.05885452282,1.0392237472,1.05389220928,1.01936485579,1.04303536438,1.05852513485,1.09464348208,..,..,1.04030845167,1.09464348208
United Kingdom,GBR,"Industrial Production, constant US$, seas. adj.,,",IPTOTSAKD,39666818217.6387,39908198450.2004,39747278295.1593,..,..,..,..,479019071518.686,39626588178.8784,39787508333.9196,39988658527.721,40069118605.2415,39626588178.8784,40592109109.1252,40270268799.043,40189808721.5224,39988658527.721,39425437985.077,39586358140.1181,39867968411.4401,..,..,..,..,473427096131.006,39425437985.077,39787508333.9196,39948428488.9607,39546128101.3579,39425437985.077,39546128101.3579,39224287791.2756,39505898062.5976,39425437985.077,39143827713.755,39023137597.4742,39425437985.077,..,..,..,..,..,39264517830.0359,39948428488.9607,39666818217.6387,39425437985.077,..,..,..,..
United Kingdom,GBR,"Industrial Production, constant US$,,,",IPTOTNSKD,41353541453.9103,43214450819.3363,40526470624.8321,..,..,..,..,492355264550.256,39947521044.4774,39864813961.5696,45943784555.2944,38582854176.4983,41188127288.0947,42718208321.8894,40030228127.3852,39285864381.2148,40774591873.5556,41518955619.726,42718208321.8894,39782106878.6617,..,..,..,..,486648475829.617,40443763541.9243,40815945415.0095,42924976029.1589,40443763541.9243,40857298956.4634,39658046254.3,40567824166.286,37631722723.0584,40112935210.293,41932491034.2651,41064066663.733,40195642293.2008,..,..,..,..,..,40278349376.1087,40112935210.293,43669339775.3293,39740753337.2078,..,..,..,..
United Kingdom,GBR,"Months Import Cover of Foreign Reserves,,,,",IMPCOV,2.57150717602,2.54117103779,2.39412943962,..,..,..,..,0.21027903442,2.40710195143,2.3770435644,2.44926913722,2.49664415294,2.28324028841,2.46131162727,2.51189128214,2.54083829586,2.61915518431,2.43832928939,2.54861197986,2.64844438863,..,..,..,..,0.19724706259,2.5264647679,2.55049464996,2.59030318808,2.24904891543,2.38100432088,2.22816926317,2.41209790314,2.44758395324,2.55405514715,2.35028535231,2.37513485616,2.42363709193,..,..,..,..,..,2.45795642651,2.31700559706,2.33215628368,2.35380792502,..,..,..,..
United Kingdom,GBR,"Nominal Effective Exchange Rate,,,,",NEER,98.34514039664,99.56193505154,100.51502835287,..,..,..,..,102.38362228388,99.51293068528,98.79751360115,99.16147112213,100.29409717373,101.55966260147,103.47193521794,104.63860335864,104.75829713563,104.57145495736,103.41831417425,103.74690774725,104.67227963174,..,..,..,..,107.10153474435,105.49909389097,105.71299658839,106.27582305935,105.90506184276,106.56658574662,107.44556398013,108.38137232144,107.40353195057,108.92822518231,108.89709288094,..,..,..,..,..,..,..,..,..,..,..,..,..,..,..
United Kingdom,GBR,"Official exchange rate, LCU per USD, period average,,",DPANUSLCU,0.88587665595,0.85200054109,0.82141512409,..,..,..,..,0.80450860162,0.81782375738,0.8275358697,0.82358998327,0.80445097771,0.80138690217,0.79265046851,0.77596475115,0.78674274911,0.80664977642,0.82147125233,0.80528788091,0.79054885077,..,..,..,..,0.78263737885,0.78684161578,0.79195104864,0.78633905592,0.79888767359,0.7917203401,0.78654441412,0.77761265327,0.77326954393,0.75720882777,0.76588486997,0.78433991171,0.79104859138,..,..,..,..,0.77190911654,0.80975803713,0.79792860026,0.77496245489,0.76108922211,0.74891296751,0.73880341736,..,..
United Kingdom,GBR,"Real Effective Exchange Rate,,,,",REER,99.30440857143,101.2228175,103.02028909091,..,..,..,..,105.25007563436,101.45242113636,100.77463975,101.87412608696,103.53607,105.4356073913,107.86924090909,108.51654214286,107.85133521739,106.85100571429,105.79869931818,106.02378113636,107.01743880952,..,..,..,..,108.67521059195,107.40480021739,107.38682261905,107.93098666667,107.54754909091,108.05553847826,109.21462025,109.86674326087,108.77453909091,110.25643547619,110.31407076923,..,..,..,..,..,..,..,..,..,..,..,..,..,..,..
United Kingdom,GBR,"Retail Sales Volume,Index,,,",RETSALESSA,90.17183719441,89.34876768655,89.07441118393,..,..,..,..,94.25349743632,92.80777531623,93.0921709505,92.23898404769,95.53422298543,95.04630560553,95.82697341337,95.91854309969,96.01732635726,95.02949378156,93.24127372791,94.79045376908,91.4984461816,..,..,..,..,97.28507146294,97.17846884276,96.68367012156,96.18887140036,94.02865805567,96.68705990646,95.50554797277,99.07304892689,99.98569727933,99.78288653435,97.6689085839,97.56894040725,97.06909952402,..,..,..,..,..,96.56223938708,97.24986469299,97.24986469299,104.38222182692,..,..,..,..
United Kingdom,GBR,"Terms of Trade,,,,",TOT,..,..,..,..,..,..,..,..,..,..,..,..,..,..,..,..,..,..,..,..,..,..,..,..,..,..,..,..,..,..,..,..,..,..,..,..,..,..,..,..,..,..,..,..,..,..,..,..,..,..
United Kingdom,GBR,"Unemployment rate,Percent,,,",UNEMPSA_,3.9,3.9,3.9,..,..,..,..,4.06666666667,4,4,3.9,4,4.2,4.3,4.3,4.1,4,4,3.9,4.1,..,..,..,..,4.3,4.2,4.3,4.4,4.4,4.2,4.2,4.1,4.3,4.3,4.4,4.4,4.4,..,..,..,..,..,4.4,4.5,4.6,..,..,..,..,..
United Arab Emirates,ARE,"Stock Markets, LCU,,,",DSTKMKTXN,197.13890677096,196.25229037785,195.22720318434,..,..,..,..,219.72660070064,195.32408290691,201.02494194456,198.35887651704,203.68159839653,208.49693862111,218.07883504176,233.97799151806,238.74613787575,240.0629421036,231.91090961927,232.9284785135,234.12747534957,..,..,..,..,253.4298012009,241.26563545903,248.05858974934,250.21205372275,246.19883407768,239.60887844889,234.129706646,243.40075111238,248.89829498045,258.67516797588,262.19635100926,276.37799932178,292.13535190741,..,..,..,..,309.89925463409,305.10969511144,311.57323377517,303.32945991673,297.42671434545,316.98687565726,324.96954899851,..,..
United Arab Emirates,ARE,"Stock Markets, US$,,,",DSTKMKTXD,197.1422045082,196.25557328378,195.23046894262,..,..,..,..,219.73027628454,195.32735028579,201.02830468734,198.36219466191,203.68500557983,208.50042635536,218.08248306186,233.98190549906,238.75013161825,240.06695787358,231.91478902215,232.93237493826,234.13139183113,..,..,..,..,253.43404057154,241.26967134765,248.06273927042,250.21623926695,246.20295248878,239.61288662329,234.13362316489,243.40482271718,248.9024585481,258.67949509094,262.20073702664,276.3826225696,292.14023874403,..,..,..,..,306.89032933304,305.11479898271,311.57844576843,303.33453400825,297.43168969591,316.99217820987,..,..,..
United Arab Emirates,ARE,"Total Reserves,,,,",TOTRESV,..,..,..,..,..,..,..,..,..,..,..,..,..,..,..,..,..,..,..,..,..,..,..,..,..,..,..,..,..,..,..,..,..,..,..,..,..,..,..,..,..,..,..,..,..,..,..,..,..,..
United Arab Emirates,ARE,"Core CPI,not seas.adj,,,",CORENS,..,..,..,..,..,..,..,..,..,..,..,..,..,..,..,..,..,..,..,..,..,..,..,..,..,..,..,..,..,..,..,..,..,..,..,..,..,..,..,..,..,..,..,..,..,..,..,..,..,..
United Arab Emirates,ARE,"Core CPI,seas.adj,,,",CORESA,..,..,..,..,..,..,..,..,..,..,..,..,..,..,..,..,..,..,..,..,..,..,..,..,..,..,..,..,..,..,..,..,..,..,..,..,..,..,..,..,..,..,..,..,..,..,..,..,..,..
United Arab Emirates,ARE,"CPI Price, % y-o-y, median weighted, seas. adj.,",CPTOTSAXMZGY,..,..,..,..,..,..,..,..,..,..,..,..,..,..,..,..,..,..,..,..,..,..,..,..,..,..,..,..,..,..,..,..,..,..,..,..,..,..,..,..,..,..,..,..,..,..,..,..,..,..
United Arab Emirates,ARE,"CPI Price, % y-o-y, not seas. adj.,,",CPTOTSAXNZGY,4.58478368971,4.48483651092,4.75908372828,..,..,..,..,1.63136805953,3.76206421115,3.63458720078,2.79957376732,1.32006887316,1.32044780404,-0.04727238347,-1.27513030529,0.46161092793,2.32712765957,2.42487637885,1.65453342158,1.42318567389,..,..,..,..,1.66619731531,2.26841305998,1.68756481569,1.69619298907,2.06759818731,2.32316554915,2.42149073023,2.0175355897,1.74418604651,0.80757449179,0.48277782936,1.22767857143,1.30099433138,..,..,..,..,..,..,..,..,..,..,..,..,..
United Arab Emirates,ARE,"CPI Price, seas. adj.,,,",CPTOTSAXN,118.73094727334,119.41966805916,119.79225471379,..,..,..,..,120.27774641527,118.95675736705,119.75838319973,119.81483572316,119.58902562945,119.55515411539,119.36321553574,119.75838319973,120.40194196681,121.63260697753,121.61002596816,121.39550637914,121.49712092131,..,..,..,..,122.28181099695,121.6551879869,121.77938353844,121.84712656656,122.06164615558,122.33261826804,122.25358473524,122.17455120244,122.50197583832,122.61488088518,122.19713221181,122.88585299763,123.07779157728,..,..,..,..,..,..,..,..,..,..,..,..,..
United Arab Emirates,ARE,"CPI Price,not seas.adj,,,",CPTOTNSXN,118.65553801038,119.18565305662,119.5127453192,..,..,..,..,120.15659072111,118.29460861719,119.2082111437,119.60297766749,119.76088427701,119.56914053688,119.35483870968,119.79472140763,120.69704489059,121.6106474171,121.63320550417,121.15948567562,121.19332280623,..,..,..,..,122.15392134747,121.01285810963,121.29483419806,121.58808933003,122.17459959395,122.35506429055,122.23099481164,122.19715768103,122.73855177081,122.60320324836,122.2197157681,122.65959846605,122.77238890142,..,..,..,..,..,..,..,..,..,..,..,..,..
United Arab Emirates,ARE,"Exchange rate, new LCU per USD extended backward, period average,,",DPANUSSPB,3.673,3.673,3.673,..,..,..,..,3.673,3.673,3.673,3.673,3.673,3.673,3.673,3.673,3.673,3.673,3.673,3.673,3.673,..,..,..,..,3.673,3.673,3.673,3.673,3.673,3.673,3.673,3.673,3.673,3.673,3.673,3.673,3.673,..,..,..,..,3.673,3.673,3.673,3.673,3.673,3.673,..,..,..
United Arab Emirates,ARE,"Exchange rate, old LCU per USD extended forward, period average,,",DPANUSSPF,3.673,3.673,3.673,..,..,..,..,3.673,3.673,3.673,3.673,3.673,3.673,3.673,3.673,3.673,3.673,3.673,3.673,3.673,..,..,..,..,3.673,3.673,3.673,3.673,3.673,3.673,3.673,3.673,3.673,3.673,3.673,3.673,3.673,..,..,..,..,3.673,3.673,3.673,3.673,3.673,3.673,..,..,..
United Arab Emirates,ARE,"Exports Merchandise, Customs, constant US$, millions, not seas. adj.",DXGSRMRCHNSKD,..,..,..,..,..,..,..,..,..,..,..,..,..,..,..,..,..,..,..,..,..,..,..,..,..,..,..,..,..,..,..,..,..,..,..,..,..,..,..,..,..,..,..,..,..,..,..,..,..,..
United Arab Emirates,ARE,"Exports Merchandise, Customs, constant US$, millions, seas. adj.",DXGSRMRCHSAKD,..,..,..,..,..,..,..,..,..,..,..,..,..,..,..,..,..,..,..,..,..,..,..,..,..,..,..,..,..,..,..,..,..,..,..,..,..,..,..,..,..,..,..,..,..,..,..,..,..,..
United Arab Emirates,ARE,"Exports Merchandise, Customs, current US$, millions, not seas. adj.",DXGSRMRCHNSCD,..,..,..,..,..,..,..,..,..,..,..,..,..,..,..,..,..,..,..,..,..,..,..,..,..,..,..,..,..,..,..,..,..,..,..,..,..,..,..,..,..,..,..,..,..,..,..,..,..,..
United Arab Emirates,ARE,"Exports Merchandise, Customs, current US$, millions, seas. adj.",DXGSRMRCHSACD,..,..,..,..,..,..,..,..,..,..,..,..,..,..,..,..,..,..,..,..,..,..,..,..,..,..,..,..,..,..,..,..,..,..,..,..,..,..,..,..,..,..,..,..,..,..,..,..,..,..
United Arab Emirates,ARE,"Exports Merchandise, Customs, Price, US$, not seas. adj.",DXGSRMRCHNSXD,..,..,..,..,..,..,..,..,..,..,..,..,..,..,..,..,..,..,..,..,..,..,..,..,..,..,..,..,..,..,..,..,..,..,..,..,..,..,..,..,..,..,..,..,..,..,..,..,..,..
United Arab Emirates,ARE,"Exports Merchandise, Customs, Price, US$, seas. adj.",DXGSRMRCHSAXD,..,..,..,..,..,..,..,..,..,..,..,..,..,..,..,..,..,..,..,..,..,..,..,..,..,..,..,..,..,..,..,..,..,..,..,..,..,..,..,..,..,..,..,..,..,..,..,..,..,..
United Arab Emirates,ARE,"GDP,constant 2010 LCU,millions,seas. adj.,",NYGDPMKTPSAKN,..,..,..,396874.293281441,403711.144670623,410958.539709335,407402.347235147,1677511.87940028,..,..,..,..,..,..,..,..,..,..,..,..,412696.614032118,418145.35624188,420832.149983107,425837.759143175,1298311.77648632,..,..,..,..,..,..,..,..,..,..,..,..,426877.930133569,433904.591929678,437529.254423075,..,..,..,..,..,..,..,..,..,..
United Arab Emirates,ARE,"GDP,constant 2010 US$,millions,seas. adj.,",NYGDPMKTPSAKD,..,..,..,..,..,..,..,..,..,..,..,..,..,..,..,..,..,..,..,..,..,..,..,..,..,..,..,..,..,..,..,..,..,..,..,..,..,..,..,..,..,..,..,..,..,..,..,..,..,..
United Arab Emirates,ARE,"GDP,current LCU,millions,seas. adj.,",NYGDPMKTPSACN,..,..,..,..,..,..,..,..,..,..,..,..,..,..,..,..,..,..,..,..,..,..,..,..,..,..,..,..,..,..,..,..,..,..,..,..,..,..,..,..,..,..,..,..,..,..,..,..,..,..
United Arab Emirates,ARE,"GDP,current US$,millions,seas. adj.,",NYGDPMKTPSACD,..,..,..,..,..,..,..,..,..,..,..,..,..,..,..,..,..,..,..,..,..,..,..,..,..,..,..,..,..,..,..,..,..,..,..,..,..,..,..,..,..,..,..,..,..,..,..,..,..,..
United Arab Emirates,ARE,"Imports Merchandise, Customs, constant US$, millions, not seas. adj.",DMGSRMRCHNSKD,..,..,..,..,..,..,..,..,..,..,..,..,..,..,..,..,..,..,..,..,..,..,..,..,..,..,..,..,..,..,..,..,..,..,..,..,..,..,..,..,..,..,..,..,..,..,..,..,..,..
United Arab Emirates,ARE,"Imports Merchandise, Customs, constant US$, millions, seas. adj.",DMGSRMRCHSAKD,..,..,..,..,..,..,..,..,..,..,..,..,..,..,..,..,..,..,..,..,..,..,..,..,..,..,..,..,..,..,..,..,..,..,..,..,..,..,..,..,..,..,..,..,..,..,..,..,..,..
United Arab Emirates,ARE,"Imports Merchandise, Customs, current US$, millions, not seas. adj.",DMGSRMRCHNSCD,..,..,..,..,..,..,..,..,..,..,..,..,..,..,..,..,..,..,..,..,..,..,..,..,..,..,..,..,..,..,..,..,..,..,..,..,..,..,..,..,..,..,..,..,..,..,..,..,..,..
United Arab Emirates,ARE,"Imports Merchandise, Customs, current US$, millions, seas. adj.",DMGSRMRCHSACD,..,..,..,..,..,..,..,..,..,..,..,..,..,..,..,..,..,..,..,..,..,..,..,..,..,..,..,..,..,..,..,..,..,..,..,..,..,..,..,..,..,..,..,..,..,..,..,..,..,..
United Arab Emirates,ARE,"Imports Merchandise, Customs, Price, US$, not seas. adj.",DMGSRMRCHNSXD,..,..,..,..,..,..,..,..,..,..,..,..,..,..,..,..,..,..,..,..,..,..,..,..,..,..,..,..,..,..,..,..,..,..,..,..,..,..,..,..,..,..,..,..,..,..,..,..,..,..
United Arab Emirates,ARE,"Imports Merchandise, Customs, Price, US$, seas. adj.",DMGSRMRCHSAXD,..,..,..,..,..,..,..,..,..,..,..,..,..,..,..,..,..,..,..,..,..,..,..,..,..,..,..,..,..,..,..,..,..,..,..,..,..,..,..,..,..,..,..,..,..,..,..,..,..,..
United Arab Emirates,ARE,"Industrial Production, constant US$, seas. adj.,,",IPTOTSAKD,..,..,..,..,..,..,..,..,..,..,..,..,..,..,..,..,..,..,..,..,..,..,..,..,..,..,..,..,..,..,..,..,..,..,..,..,..,..,..,..,..,..,..,..,..,..,..,..,..,..
United Arab Emirates,ARE,"Industrial Production, constant US$,,,",IPTOTNSKD,..,..,..,..,..,..,..,..,..,..,..,..,..,..,..,..,..,..,..,..,..,..,..,..,..,..,..,..,..,..,..,..,..,..,..,..,..,..,..,..,..,..,..,..,..,..,..,..,..,..
United Arab Emirates,ARE,"Months Import Cover of Foreign Reserves,,,,",IMPCOV,..,..,..,..,..,..,..,..,..,..,..,..,..,..,..,..,..,..,..,..,..,..,..,..,..,..,..,..,..,..,..,..,..,..,..,..,..,..,..,..,..,..,..,..,..,..,..,..,..,..
United Arab Emirates,ARE,"Nominal Effective Exchange Rate,,,,",NEER,..,..,..,..,..,..,..,..,..,..,..,..,..,..,..,..,..,..,..,..,..,..,..,..,..,..,..,..,..,..,..,..,..,..,..,..,..,..,..,..,..,..,..,..,..,..,..,..,..,..
United Arab Emirates,ARE,"Official exchange rate, LCU per USD, period average,,",DPANUSLCU,3.673,3.673,3.673,..,..,..,..,3.673,3.673,3.673,3.673,3.673,3.673,3.673,3.673,3.673,3.673,3.673,3.673,3.673,..,..,..,..,3.673,3.673,3.673,3.673,3.673,3.673,3.673,3.673,3.673,3.673,3.673,3.673,3.673,..,..,..,..,3.673,3.673,3.673,3.673,3.673,3.673,..,..,..
United Arab Emirates,ARE,"Real Effective Exchange Rate,,,,",REER,..,..,..,..,..,..,..,..,..,..,..,..,..,..,..,..,..,..,..,..,..,..,..,..,..,..,..,..,..,..,..,..,..,..,..,..,..,..,..,..,..,..,..,..,..,..,..,..,..,..
United Arab Emirates,ARE,"Retail Sales Volume,Index,,,",RETSALESSA,..,..,..,..,..,..,..,..,..,..,..,..,..,..,..,..,..,..,..,..,..,..,..,..,..,..,..,..,..,..,..,..,..,..,..,..,..,..,..,..,..,..,..,..,..,..,..,..,..,..
United Arab Emirates,ARE,"Terms of Trade,,,,",TOT,..,..,..,..,..,..,..,..,..,..,..,..,..,..,..,..,..,..,..,..,..,..,..,..,..,..,..,..,..,..,..,..,..,..,..,..,..,..,..,..,..,..,..,..,..,..,..,..,..,..
United Arab Emirates,ARE,"Unemployment rate,Percent,,,",UNEMPSA_,..,..,..,..,..,..,..,..,..,..,..,..,..,..,..,..,..,..,..,..,..,..,..,..,..,..,..,..,..,..,..,..,..,..,..,..,..,..,..,..,..,..,..,..,..,..,..,..,..,..
United States,USA,"Stock Markets, LCU,,,",DSTKMKTXN,291.94916398339,319.14055271794,319.75460680042,..,..,..,..,326.0435646916,321.41385093711,321.33989419737,310.21629678363,322.13277305493,318.1745174798,323.79156172498,332.12127438642,333.10928538915,327.74443642526,318.20021124446,331.42701418482,352.85166049127,..,..,..,..,385.00611720643,360.6446977156,369.77984952964,373.45660771838,366.73053663342,373.68456988278,371.52952396357,382.82046779353,384.96713646846,396.23675676529,405.81838076751,417.49541387743,416.90946536154,..,..,..,..,404.61722128577,415.65629943524,422.1976575729,401.97863948026,380.81779863498,399.80236010532,407.2505724859,..,..
United States,USA,"Stock Markets, US$,,,",DSTKMKTXD,291.94916398339,319.14055271794,319.75460680042,..,..,..,..,326.0435646916,321.41385093711,321.33989419737,310.21629678363,322.13277305493,318.1745174798,323.79156172498,332.12127438642,333.10928538915,327.74443642526,318.20021124446,331.42701418482,352.85166049127,..,..,..,..,385.00611720643,360.6446977156,369.77984952964,373.45660771838,366.73053663342,373.68456988278,371.52952396357,382.82046779353,384.96713646846,396.23675676529,405.81838076751,417.49541387743,416.90946536154,..,..,..,..,404.61722128577,415.65629943524,422.1976575729,401.97863948026,380.81779863498,399.80236010532,407.2505724859,..,..
United States,USA,"Total Reserves,,,,",TOTRESV,247365.251359922,254965.389261188,259527.702416593,..,..,..,..,261082.301423836,263259.186116907,259213.213951713,263132.052482168,262793.029456198,258697.988168824,259806.50424716,260921.71156943,259577.886746095,256440.808548551,256133.011327604,259115.075707353,261082.301423836,..,..,..,..,253999.619720103,259804.273832515,259448.522696712,259576.771538773,257123.31542978,258744.82687636,257700.992822715,261159.250729073,265478.448688223,267179.139854684,259713.942039412,256969.416819306,253999.619720103,..,..,..,..,..,255279.877726068,256686.15415945,261613.140109237,270773.453054358,..,..,..,..
United States,USA,"Core CPI,not seas.adj,,,",CORENS,135.99910943904,136.12860427288,136.36169497378,..,..,..,..,140.11829466663,137.2018211063,138.13282080641,138.79846968912,139.44503512263,139.98891342475,140.35876884491,140.58231782122,140.90082967567,141.22524831202,141.48105740483,141.58374453623,141.72050925547,..,..,..,..,144.93546462141,142.50020446553,143.31624910262,144.07458902429,144.47897640014,144.77476986269,144.94470343411,145.04057504794,145.40543242187,145.901602101,146.19648682788,146.28236234926,146.30962441955,..,..,..,..,148.06493825141,147.14338940232,147.78404805394,148.09347255164,148.49422498478,148.80955626437,..,..,..
United States,USA,"Core CPI,seas.adj,,,",CORESA,135.69185026719,136.11563093463,136.62190152878,..,..,..,..,139.7707958465,137.18935970594,137.82933649998,138.29436213078,138.91394306382,139.42746551966,139.73023074517,140.03299597068,140.34437278195,140.78401689684,141.15431508433,141.58036195855,141.96878980026,..,..,..,..,144.58051757141,142.49409653134,143.02257595192,143.56963826807,143.94764155861,144.1547728581,144.28621285121,144.55362525098,144.96426191912,145.41569030925,145.80230518553,146.22427288756,146.53111728527,..,..,..,..,147.68026541814,147.18514456133,147.51873019902,147.60212660844,147.95157569357,148.14375002833,..,..,..
United States,USA,"CPI Price, % y-o-y, median weighted, seas. adj.,",CPTOTSAXMZGY,..,..,..,..,..,..,..,..,..,..,..,..,..,..,..,..,..,..,..,..,..,..,..,..,..,..,..,..,..,..,..,..,..,..,..,..,..,..,..,..,..,..,..,..,..,..,..,..,..,..
United States,USA,"CPI Price, % y-o-y, not seas. adj.,,",CPTOTSAXNZGY,7.75726147081,7.13138036898,6.41083167739,..,..,..,..,4.12771731779,6.34029630993,5.95764871277,4.93134864176,4.94694748806,4.12531453936,3.05925333478,3.28032820235,3.71863586776,3.69508233222,3.24653750768,3.13985564498,3.32220020883,..,..,..,..,2.95160606599,3.10794259392,3.16642120766,3.46900143547,3.35404711119,3.23886639676,2.97008539982,2.93846330614,2.61091403223,2.43254146414,2.5714034968,2.71416840048,2.87236626881,..,..,..,..,1.96927297872,2.99941251283,2.81427037316,2.40558526403,2.33374651775,2.37593408699,..,..,..
United States,USA,"CPI Price, seas. adj.,,,",CPTOTSAXN,137.00939821967,137.34458912676,137.39056867505,..,..,..,..,140.10159947522,138.14831163099,138.61730302362,138.69408886927,139.25274038108,139.46332671228,139.82334657544,140.06060104466,140.76086956522,141.32917678217,141.45745972192,141.65701096152,141.95495843449,..,..,..,..,144.23684678388,142.44188185095,143.00651070404,143.50538880306,143.92334289708,143.98035753697,143.97621937762,144.17623041271,144.43601486059,144.76706760833,145.09490178769,145.50182079011,146.03242477746,..,..,..,..,147.07726403296,146.7143014787,147.03110056647,146.95753328919,147.28214890017,147.40123593026,..,..,..
United States,USA,"CPI Price,not seas.adj,,,",CPTOTNSXN,137.53109323587,137.39218319512,136.97037662619,..,..,..,..,140.61830351306,138.06550462187,138.8362015257,139.29585069709,140.00055379418,140.35313609031,140.80632432956,141.07491450802,141.69101053593,142.04313133691,141.98867490897,141.70254791473,141.56179189338,..,..,..,..,144.76587581781,142.33295029236,143.21394453751,144.13970381241,144.70088191724,144.94132089142,144.99023937754,145.15868510801,145.27682786692,145.50988291868,145.67740565885,145.59848998786,145.65017744489,..,..,..,..,147.56879738978,146.6036264289,147.25479608837,147.58568811235,148.04533728373,148.35453903557,..,..,..
United States,USA,"Exchange rate, new LCU per USD extended backward, period average,,",DPANUSSPB,1,1,1,..,..,..,..,1,1,1,1,1,1,1,1,1,1,1,1,1,..,..,..,..,1,1,1,1,1,1,1,1,1,1,1,1,1,..,..,..,..,1,1,1,1,1,1,1,..,..
United States,USA,"Exchange rate, old LCU per USD extended forward, period average,,",DPANUSSPF,1,1,1,..,..,..,..,1,1,1,1,1,1,1,1,1,1,1,1,1,..,..,..,..,1,1,1,1,1,1,1,1,1,1,1,1,1,..,..,..,..,1,1,1,1,1,1,1,..,..
United States,USA,"Exports Merchandise, Customs, constant US$, millions, not seas. adj.",DXGSRMRCHNSKD,139393.644615385,132658.698133848,133885.274403183,377785.803704411,396025.027954615,407519.932745341,405937.617152416,1635893.10011745,131621.073395103,126286.492485168,146637.878821972,130024.674503311,136404.547126437,137248.298435374,131091.165288136,139703.373659518,138313.9924,144853.239636608,135548.80040678,138159.563959044,404545.444702243,403677.520065122,409108.531347653,418561.604002432,1674145.68372382,131064.243050847,136021.99589502,145496.792943548,137902.892389853,140366.799596774,141505.540498652,136627.141621984,146721.193387314,140395.650644942,143367.83313172,141172.277419355,133503.323143813,412583.031889416,419775.23248528,423743.985654241,418043.433694888,..,131258.941094987,132631.729245902,151397.822411534,148973.580039267,..,..,415288.492752422,..
United States,USA,"Exports Merchandise, Customs, constant US$, millions, seas. adj.",DXGSRMRCHSAKD,134540.49922905,132259.027530083,132468.625755326,384996.627361398,397496.01393849,412729.000230644,399268.152514458,1642385.28508354,138413.849642819,134026.728654897,139265.722476044,133501.96570894,135024.004771976,134715.160751271,136615.659781921,138058.849026244,138812.270774863,140036.186697683,135406.9963498,138507.890447081,411706.30077376,403241.131232187,413486.779583029,413951.073494564,1681228.54051781,137554.705212492,142072.002393701,139767.175619857,140517.204606579,138807.695998927,141282.068138797,141040.620746226,144711.14153004,142427.897848604,137582.076272739,141061.666743031,134404.285406817,419393.88322605,420606.968744303,428179.66012487,413048.028422587,..,136783.01584544,141675.447629087,146150.054866631,151496.89512566,..,..,424608.518341159,..
United States,USA,"Exports Merchandise, Customs, current US$, millions, not seas. adj.",DXGSRMRCHNSCD,180160.8,170796.7,167273.4,480872.7,538340.1,535204.3,518230.9,2020479.3,164771.7,158721.3,183570.7,162665.5,167143.6,167154.1,160198.4,172690.5,171889.8,178336.3,165645.8,167691.6,507063.7,496963.2,504778.7,511673.7,2061690.7,160165.5,167463.7,179369.7,171150.4,173045.4,173980.3,168887.9,180149.8,171336.2,176745.1,174038.4,165358.3,506998.9,518176.1,520373.9,516141.8,..,164862.1,167575.3,191411,188592.9,..,..,523848.4,..
United States,USA,"Exports Merchandise, Customs, current US$, millions, seas. adj.",DXGSRMRCHSACD,173615.6,170626.4,167445.5,487038.3,534502.9,539418.9,511687.5,2020479.3,173978,167692,172176.9,164898.8,163375.2,162452.9,165451.1,169709.8,172581.7,172076,165843.8,170243.1,513846.9,490726.9,507742.6,508162.9,2061690.4,168889,174092,170245.2,171940.8,168843.1,172019.9,172850.6,176715.2,173939.2,169260.3,174259.6,168635.5,513226.2,512803.8,523505,512155.4,..,172636.3,178093.9,182641.1,188974.5,..,..,533371.3,..
United States,USA,"Exports Merchandise, Customs, Price, US$, not seas. adj.",DXGSRMRCHNSXD,1.29246064623,1.28748964374,1.24937862469,1.27091963546,1.35929301298,1.31344932339,1.27644297155,1.23522507595,1.25186412593,1.25683512842,1.25186412593,1.25103562552,1.22535211268,1.21789560895,1.22203811102,1.23612261806,1.24275062138,1.23115161558,1.22203811102,1.21375310688,1.25352112676,1.23142778238,1.23363711682,1.22231427782,1.23149682408,1.22203811102,1.23115161558,1.2328086164,1.24109362055,1.2328086164,1.22949461475,1.23612261806,1.22783761392,1.22038111019,1.2328086164,1.2328086164,1.2386081193,1.22866611433,1.23446561723,1.22811378072,1.23474178404,1.26242750621,1.256006628,1.26346313173,1.26429163215,1.26594863297,..,..,1.26125379729,1.26594863297
United States,USA,"Exports Merchandise, Customs, Price, US$, seas. adj.",DXGSRMRCHSAXD,1.29043374296,1.2900926552,1.26403893031,1.26479185424,1.34478912311,1.30693127895,1.28152177616,1.23014937049,1.25694069234,1.25118326533,1.23631929623,1.23517881646,1.20997151785,1.20589916602,1.21106980169,1.22925695236,1.24327409268,1.22879667076,1.2247801404,1.22912203377,1.2481477513,1.21701650011,1.22786694891,1.22756628164,1.22641924977,1.22779515058,1.22537866059,1.21806281944,1.22362809936,1.21638140295,1.21756357524,1.22553771449,1.22115821997,1.22124388991,1.23024964142,1.23534340706,1.25468841629,1.22374554354,1.21919102585,1.22264660812,1.24009382159,1.2540593743,1.26211795326,1.25705549536,1.24968204881,1.24738199976,..,..,1.25628516581,1.24738199976
United States,USA,"GDP,constant 2010 LCU,millions,seas. adj.,",NYGDPMKTPSAKN,..,..,..,5476000,5479800,5516700,5562400,22671200,..,..,..,..,..,..,..,..,..,..,..,..,5600900,5634900,5695200,5740200,23305100,..,..,..,..,..,..,..,..,..,..,..,..,5763400,5806000,5850100,5885600,5882000,..,..,..,..,..,..,5882000,..
United States,USA,"GDP,constant 2010 US$,millions,seas. adj.,",NYGDPMKTPSAKD,..,..,..,4875656.99399378,4879040.3936609,4911894.98516535,4952584.8180042,20185718.561401,..,..,..,..,..,..,..,..,..,..,..,..,4986863.99884217,5017136.52217961,5070825.73268688,5110892.30769231,20750123.0479774,..,..,..,..,..,..,..,..,..,..,..,..,5131548.85302844,5169478.54403358,5208743.7875389,5240351.86337651,5237146.53737608,..,..,..,..,..,..,5237146.53737608,..
United States,USA,"GDP,current LCU,millions,seas. adj.,",NYGDPMKTPSACN,..,..,..,6303900,6451500,6568000,6683600,27720800,..,..,..,..,..,..,..,..,..,..,..,..,6791100,6863500,6991900,7074300,29184900,..,..,..,..,..,..,..,..,..,..,..,..,7156000,7254200,7343700,7431000,7494200,..,..,..,..,..,..,7494200,..
United States,USA,"GDP,current US$,millions,seas. adj.,",NYGDPMKTPSACD,..,..,..,6303900,6451500,6568000,6683600,27720800,..,..,..,..,..,..,..,..,..,..,..,..,6791100,6863500,6991900,7074300,29184900,..,..,..,..,..,..,..,..,..,..,..,..,7156000,7254200,7343700,7431000,7494200,..,..,..,..,..,..,7494200,..
United States,USA,"Imports Merchandise, Customs, constant US$, millions, not seas. adj.",DMGSRMRCHNSKD,248305.679467414,227235.2740113,225242.380535966,682106.371803433,717337.239250883,721161.274436687,700783.33401468,2766729.43557451,226874.6512385,205520.410070922,235100.836383131,224223.323449751,237240.660844667,232301.485868006,230605.629124821,238299.625445474,232926.161347518,248186.10385439,230721.504088953,224729.043858382,667495.897692552,693765.470162424,701831.415917812,703636.651801724,2915576.6087075,229124.181707317,218301.317465999,232163.721992883,240759.716160903,244598.52,236557.386581921,255819.65493653,246908.508981613,255519.9920511,257728.274982282,244415.559589526,253679.774257426,679589.221166198,721915.622742824,758248.155969243,755823.608829234,..,281656.057404795,255338.578536242,304726.63509887,245128.365444288,..,..,841721.271039908,..
United States,USA,"Imports Merchandise, Customs, constant US$, millions, seas. adj.",DMGSRMRCHSAKD,239806.962245742,234183.633460311,232245.695745017,714298.853900568,727993.921912571,719289.815015683,706236.291451069,2813647.96509846,238008.427069163,232643.307998561,226556.150473975,231271.045789252,236939.949834918,234515.693353599,234089.014611498,235107.985866483,231195.747395899,240411.594046185,239328.256344381,233580.792314544,697207.885541699,702726.688977768,700392.74787388,713320.64270511,2964825.16511209,239750.938379621,245425.427073896,223393.003475106,247978.077939093,243736.060729918,238193.15331845,259617.033354794,243953.433511081,253742.957574339,249773.407416152,254509.517691661,264752.15464798,708569.368928623,729907.291987462,757313.424440214,769035.079755794,..,293691.470156728,285845.529719086,293305.46132895,252467.489817647,..,..,872842.461204764,..
United States,USA,"Imports Merchandise, Customs, current US$, millions, not seas. adj.",DMGSRMRCHNSCD,281439.4,255572,253688.4,776635.9,843680.3,828717.1,790699.8,3076796.3,254625.8,230169.8,261243.9,249869.2,263244.8,257210.7,255333,265555.5,260862.5,276178.5,255461.3,247041.3,746039.5,770324.7,781751,778681.1,3266410.1,253692.7,242229.5,259086.6,270974.2,274906.2,266056.6,288127.3,277306.3,285963.2,288844,274312.3,284911.2,755008.8,811937,851396.8,848067.5,..,317226.6,288193.9,342726.7,276085.8,..,..,948147.2,..
United States,USA,"Imports Merchandise, Customs, current US$, millions, seas. adj.",DMGSRMRCHSACD,268306.304123265,260916.088882676,259301.683755969,800635.561514966,838054.803709455,813345.260216153,788524.07676191,3080064.78494918,263874.862849158,256835.301715378,247458.125263599,252065.549515416,257317.897045114,253951.708596352,254221.768018273,257718.058002196,255598.738716029,264095.613475285,262344.187173434,254582.974578948,768168.289828135,763335.155156882,767538.564736498,781022.775227667,3270012.95336573,262432.614332658,268452.050411556,245051.121091144,272989.158513091,267938.15589231,262217.325936183,287019.925851195,269512.276427801,280327.442574309,276332.581308722,282766.242877131,294974.058149626,775935.785835358,803144.640341584,836859.644853305,854072.882335479,..,326987.219314449,318028.294597544,324493.532275578,277931.372684321,..,..,969509.046187571,..
United States,USA,"Imports Merchandise, Customs, Price, US$, not seas. adj.",DMGSRMRCHNSXD,1.13343923749,1.12470214456,1.12629070691,1.13714588298,1.17606566058,1.149324861,1.12814402965,1.11212602595,1.12231930103,1.11993645751,1.11119936458,1.11437648928,1.10961080222,1.1072279587,1.1072279587,1.11437648928,1.11993645751,1.11278792693,1.1072279587,1.09928514694,1.11781837437,1.1104050834,1.11384696849,1.10643367752,1.1201350278,1.1072279587,1.10961080222,1.11596505163,1.12549642573,1.12390786338,1.12470214456,1.12629070691,1.12311358221,1.11914217633,1.12073073868,1.12231930103,1.12311358221,1.11093460418,1.12470214456,1.12284882182,1.12205454064,1.1264892772,1.12629070691,1.12867355044,1.12470214456,1.12629070691,..,..,1.1265554673,1.12629070691
United States,USA,"Imports Merchandise, Customs, Price, US$, seas. adj.",DMGSRMRCHSAXD,1.11884284597,1.114151681,1.11649726349,1.12040656763,1.15115976023,1.13083137868,1.11649726349,1.09467031535,1.1086786552,1.10398749023,1.0922595778,1.08991399531,1.08600469116,1.08287724785,1.08600469116,1.09616888194,1.10555121188,1.09851446443,1.09616888194,1.08991399531,1.10164190774,1.08626531144,1.09590826166,1.09486578056,1.10274954391,1.09460516028,1.09382329945,1.09695074277,1.10086004691,1.09929632525,1.10086004691,1.10555121188,1.10476935106,1.10476935106,1.10633307271,1.11102423769,1.114151681,1.09512640083,1.10033880636,1.10502997133,1.11050299713,1.10828772478,1.11336982017,1.11258795934,1.10633307271,1.10086004691,..,..,1.11076361741,1.10086004691
United States,USA,"Industrial Production, constant US$, seas. adj.,,",IPTOTSAKD,280869687736.713,279950870612.794,276477611555.71,..,..,..,..,3351942886077.18,278978292912.475,279121382931.478,279159395460.245,280272076480.878,279611744552.577,277982636176.834,279859640543.752,279921818180.093,280500151653.482,278518069796.328,279356246055.648,278661431333.393,..,..,..,..,3341542386688.38,275544675492.534,278921545637.387,278356516549.067,277917200323.741,279608486335.825,280351631273.227,278358145657.442,279716822042.812,278565042421.162,277528929494.189,276813479399.176,279859912061.815,..,..,..,..,..,280242209493.989,282783347042.086,282070612127.698,282052691935.565,..,..,..,..
United States,USA,"Industrial Production, constant US$,,,",IPTOTNSKD,280690028112.693,279014626824.068,276812071806.405,..,..,..,..,3361474172780.49,279792287490.461,280224956537.694,281479941835.804,277202263590.347,277488168247.109,281829834677.65,281449717629.232,286301655799.555,281275179643.532,278186320189.907,277899054082.398,278344793056.798,..,..,..,..,3352429238601.14,276935963824.335,279771865729.263,279681737689.846,276149589873.165,277424452352.174,284421764608.809,280510588904.306,286103700861.016,279809986350.165,277061489583.161,275173974268.234,279384124556.664,..,..,..,..,..,282425333234.163,284087120015.323,284291882207.594,279960835092.875,..,..,..,..
United States,USA,"Months Import Cover of Foreign Reserves,,,,",IMPCOV,0.9219509477,0.97719305219,1.00087164363,..,..,..,..,0.08476519802,0.99766678521,1.00925851011,1.06333971536,1.0425582947,1.00536337013,1.02305475983,1.02635472015,1.00721652475,1.00329449917,0.96984954789,0.98769131689,1.02552930672,..,..,..,..,0.07767541699,0.98998470329,0.96646131888,1.05927600079,0.94188105063,0.96568861577,0.98277637415,0.90989937355,0.98503286087,0.95309662658,0.93986000786,0.90876978173,0.86109138313,..,..,..,..,..,0.78070292246,0.80711734937,0.80621989065,0.97424572994,..,..,..,..
United States,USA,"Nominal Effective Exchange Rate,,,,",NEER,135.10713196366,132.38032855157,129.56061577851,..,..,..,..,128.75312834129,126.91299571209,127.54948071575,128.3565402127,127.05244314492,127.86922363971,128.29806565608,127.48939944823,129.13267624807,130.90028911128,132.52811852912,130.24146847349,128.70683920404,..,..,..,..,131.24890527668,129.26323337826,130.24736799713,130.13772443319,131.58161061444,131.33638134809,133.25036075321,132.99830820052,131.55928599421,130.66107419119,131.45370585659,..,..,..,..,..,..,..,..,..,..,..,..,..,..,..
United States,USA,"Official exchange rate, LCU per USD, period average,,",DPANUSLCU,1,1,1,..,..,..,..,1,1,1,1,1,1,1,1,1,1,1,1,1,..,..,..,..,1,1,1,1,1,1,1,1,1,1,1,1,1,..,..,..,..,1,1,1,1,1,1,1,..,..
United States,USA,"Real Effective Exchange Rate,,,,",REER,131.89753904762,129.20529840909,126.48219022727,..,..,..,..,125.58111840337,123.88093022727,124.590428,125.03517173913,123.7770445,124.74675282609,125.2049525,124.18185619048,125.82389956522,127.63473357143,129.29752590909,127.10965795455,125.69046785714,..,..,..,..,127.78861876194,126.20317804348,127.07602857143,126.85567095238,128.48108045455,128.08482413044,129.76743225,129.2172773913,127.78838727273,126.83115547619,127.58115307692,..,..,..,..,..,..,..,..,..,..,..,..,..,..,..
United States,USA,"Retail Sales Volume,Index,,,",RETSALESSA,160.3411402524,158.39922684552,158.10876290416,..,..,..,..,161.5072662449,161.62380140479,160.23440670173,159.01918416095,159.05210694773,160.27237410906,160.63691432066,161.83620648074,161.78735331328,163.01425813323,163.06178376898,163.53226101221,164.01654458537,..,..,..,..,..,162.56528690394,163.00788598096,163.6509423484,163.03204705835,163.55456354518,..,..,..,..,..,..,..,..,..,..,..,..,..,..,..,..,..,..,..,..
United States,USA,"Terms of Trade,,,,",TOT,1.14029989741,1.14473832025,1.10928609907,..,..,..,..,..,1.11542599756,1.12223789126,1.12658823056,1.12263282432,1.10430802424,1.09995019488,1.10369152208,1.10925044629,1.10966172504,1.10636679801,1.10369152208,1.10412945199,..,..,..,..,..,1.10369152208,1.10953463422,1.10470181356,1.10270774049,1.09689473361,1.09317353105,1.09751648529,1.09324438184,1.09046119072,1.10000428636,1.09844730931,1.10283424484,..,..,..,..,..,1.11517090596,1.11942299989,1.12411240457,1.1239981163,..,..,..,..
United States,USA,"Unemployment rate,Percent,,,",UNEMPSA_,3.6,3.6,3.5,..,..,..,..,3.63333333333,3.5,3.6,3.5,3.4,3.6,3.6,3.5,3.7,3.8,3.9,3.7,3.8,..,..,..,..,4.03333333333,3.7,3.9,3.9,3.9,4,4.1,4.2,4.2,4.1,4.1,4.2,4.1,..,..,..,..,4.14,4,4.1,4.2,4.2,4.2,..,..,..
Russian Federation,RUS,"Stock Markets, LCU,,,",DSTKMKTXN,68.58036532407,74.86557430917,67.79111936567,..,..,..,..,67.33877193309,64.97784265588,63.01883318267,63.67921170871,65.66832146769,68.34331767825,68.22072087173,66.50019860495,68.05667498657,67.13549005543,68.58845717472,73.7701211585,70.10607365195,..,..,..,..,67.86041902443,73.58672011842,73.07423225669,74.42693120674,76.61485953046,78.00368285444,74.63042793869,71.88773698768,65.11239210275,61.72703778732,58.8413180054,54.21171569296,52.20797381159,..,..,..,..,70.87199467048,59.77314765875,70.96624705954,76.68525806142,71.5368515553,72.96330298167,73.30716070621,..,..
Russian Federation,RUS,"Stock Markets, US$,,,",DSTKMKTXD,33.10613736558,36.50461563256,30.63841526788,..,..,..,..,23.72454697082,27.70113903208,25.71784897411,24.87426838959,24.11634705932,25.66783619964,24.31902944793,21.89605727246,21.24435971595,20.70512756059,21.1020885875,24.33974578235,23.01071562836,..,..,..,..,21.97806570037,24.57181811448,23.78730829818,24.15370535375,24.55376521035,25.62333452905,25.35875696609,24.49579156619,21.78256939291,20.15940643123,18.19609844534,16.02894780035,15.02528629651,..,..,..,..,24.57762486154,17.55169537879,22.9478723632,26.53190017316,25.55354492485,27.09344368734,27.78729264192,..,..
Russian Federation,RUS,"Total Reserves,,,,",TOTRESV,547194.3,567289,581989.1,..,..,..,..,598591.7,597035.4,574246.7,593879.4,595786.5,584175.4,582418,589965.8,581658.7,569021.1,576082.6,592352.2,598591.7,..,..,..,..,609068,585447.9,582635.6,590373.9,597911.3,599040.1,593498.4,602049.8,613714.5,633737.3,631573.2,616485.8,609068,..,..,..,..,..,620764.5,632354.8,647357.6,680270.5,680379,..,..,..
Russian Federation,RUS,"Core CPI,not seas.adj,,,",CORENS,239.23076923077,239.69230769231,239.53846153846,..,..,..,..,246.70512820513,240.30769230769,240.61538461539,241.53846153846,242.30769230769,243.53846153846,244.76923076923,246,247.84615384615,250.15384615385,252.46153846154,254.92307692308,256,..,..,..,..,267.05128205128,257.53846153846,258.92307692308,260.46153846154,262.30769230769,264.61538461539,266.15384615385,267.23076923077,268.76923076923,270.76923076923,273.07692307692,276,278.76923076923,..,..,..,..,285.04615384615,281.53846153846,283.53846153846,285.53846153846,286.46153846154,288.15384615385,..,..,..
Russian Federation,RUS,"Core CPI,seas.adj,,,",CORESA,239.996917861,240.02928032054,240.29434427493,..,..,..,..,247.11845687574,240.92772384035,241.18508244722,241.69979966097,242.23763291725,243.24549237171,244.75265834489,246.68361843119,248.83495145631,250.9631684389,253.14069964555,255.19032208353,256.56033287101,..,..,..,..,267.49049673807,258.08753274773,259.40822931114,260.66728309447,262.33163815688,264.3458159963,266.22900292803,268.00585606411,269.89058406534,271.68130682694,273.77099707197,276.17660656496,279.29110802897,..,..,..,..,285.31884728001,282.07582061951,284.12852519649,285.83294806596,286.55570966251,288.0012328556,..,..,..
Russian Federation,RUS,"CPI Price, % y-o-y, median weighted, seas. adj.,",CPTOTSAXMZGY,..,..,..,..,..,..,..,..,..,..,..,..,..,..,..,..,..,..,..,..,..,..,..,..,..,..,..,..,..,..,..,..,..,..,..,..,..,..,..,..,..,..,..,..,..,..,..,..,..,..
Russian Federation,RUS,"CPI Price, % y-o-y, not seas. adj.,,",CPTOTSAXNZGY,12.6332588526,11.88379334652,11.80535754094,..,..,..,..,5.85459574114,11.57723866121,10.87739845781,3.52702173144,2.38224917711,2.6496034927,3.37737655451,4.33567995687,5.15795485762,5.9677433353,6.67127977494,7.33845940378,7.2924083372,..,..,..,..,8.44515233017,7.31641263214,7.62883316703,7.74981914479,7.93271179492,8.42449144387,8.69822235896,9.1183782854,8.99924738203,8.60178366488,8.54498286026,8.79001303624,9.40527605059,..,..,..,..,7.07325909582,9.84409138375,10.04250490569,10.38442117898,10.30747697435,9.97815594341,..,..,..
Russian Federation,RUS,"CPI Price, seas. adj.,,,",CPTOTSAXN,238.57412364875,238.76682234891,239.95999966149,..,..,..,..,248.29106713435,241.13285083434,241.86010977056,242.82354058474,243.77355646012,244.6927775286,246.23223578448,247.99360471002,250.16582180761,252.58074586433,254.49007090798,256.28862867669,257.45886268274,..,..,..,..,269.25962597604,258.77512519304,260.31121404256,261.64192582103,263.11141012634,265.30689963526,267.65006317245,270.60659971108,272.67886297737,274.30719520272,276.23620384814,278.81643254778,281.67357943477,..,..,..,..,288.30505696177,284.24918499545,286.45298048283,288.81192537909,290.23155814201,291.77963580949,..,..,..
Russian Federation,RUS,"CPI Price,not seas.adj,,,",CPTOTNSXN,236.57724758346,237.45258108535,239.30471178385,..,..,..,..,247.73144831958,241.31486253147,242.42491194049,243.32188602698,244.24650502213,245.00367530304,245.91018750847,247.45942820384,248.15230218137,250.31123194813,252.38882188751,255.19033941787,257.05322786363,..,..,..,..,268.64879593236,259.2638823803,261.02687075739,262.04488513681,263.3551099534,265.30393528715,267.00187682035,270.04569384421,270.58578591989,271.88459626628,273.92373664097,277.84083881658,281.50833936502,..,..,..,..,288.65019511708,284.97089544642,287.27916713771,289.1464806452,290.30306356562,291.55136879043,..,..,..
Russian Federation,RUS,"Exchange rate, new LCU per USD extended backward, period average,,",DPANUSSPB,61.84542857143,61.19618181818,66.47281818182,..,..,..,..,85.42100731147,70.05488636364,73.2629,76.30543478261,81.19565,79.39465217391,83.65995454545,90.55595238095,95.57063043478,96.68469047619,97.08697727273,90.42595454545,90.8544047619,..,..,..,..,92.89240035722,89.4297826087,91.7654047619,91.84630952381,93.03927272727,90.92036956522,87.855725,87.52139130435,89.31734090909,91.28730952381,96.44752173913,101.14178571429,104.13659090909,..,..,..,..,87.51489135062,102.85508695652,92.789075,86.2820952381,83.56,80.61027272727,78.99281818182,..,..
Russian Federation,RUS,"Exchange rate, old LCU per USD extended forward, period average,,",DPANUSSPF,61.84542857143,61.19618181818,66.47281818182,..,..,..,..,85.42100731147,70.05488636364,73.2629,76.30543478261,81.19565,79.39465217391,83.65995454545,90.55595238095,95.57063043478,96.68469047619,97.08697727273,90.42595454545,90.8544047619,..,..,..,..,92.89240035722,89.4297826087,91.7654047619,91.84630952381,93.03927272727,90.92036956522,87.855725,87.52139130435,89.31734090909,91.28730952381,96.44752173913,101.14178571429,104.13659090909,..,..,..,..,87.51489135062,102.85508695652,92.789075,86.2820952381,83.56,80.61027272727,78.99281818182,..,..
Russian Federation,RUS,"Exports Merchandise, Customs, constant US$, millions, not seas. adj.",DXGSRMRCHNSKD,..,..,..,..,..,..,..,..,..,..,..,..,..,..,..,..,..,..,..,..,..,..,..,..,..,..,..,..,..,..,..,..,..,..,..,..,..,..,..,..,..,..,..,..,..,..,..,..,..,..
Russian Federation,RUS,"Exports Merchandise, Customs, constant US$, millions, seas. adj.",DXGSRMRCHSAKD,..,..,..,..,..,..,..,..,..,..,..,..,..,..,..,..,..,..,..,..,..,..,..,..,..,..,..,..,..,..,..,..,..,..,..,..,..,..,..,..,..,..,..,..,..,..,..,..,..,..
Russian Federation,RUS,"Exports Merchandise, Customs, current US$, millions, not seas. adj.",DXGSRMRCHNSCD,44108,45076,54844,154558,151823,141666,144028,424749,32880,30596,40786,31596,37372,34475,31664,37150,40277,34345,34106,39502,104262,103443,109091,107953,433092,28598,31770,41496,34092,36658,35674,35666,34600,38811,37430,39047,39250,101864,106424,109077,115727,..,29857,31787,34599,33060,..,..,96243,..
Russian Federation,RUS,"Exports Merchandise, Customs, current US$, millions, seas. adj.",DXGSRMRCHSACD,43410.8064711545,43361.7235292897,47146.6506421129,161107.717946475,157456.053021341,141682.717044049,133919.180642557,425020.984959846,38134.5774127313,32714.8000095238,37553.2006593302,33794.8352959974,39343.9742163615,33918.6354979663,33004.3825645084,36705.8589688687,38853.2459122941,33954.8968697878,32737.4236052864,34305.1539471903,108402.578081585,107057.445010325,108563.487445671,100997.474422264,432814.433137314,33469.4335811383,34080.7706350965,38008.4627717372,36351.3104265914,38334.4500362905,34999.7646102878,37320.9642599434,34093.7586028774,37348.1297871137,37086.8113087708,37471.5957036792,34248.9814137881,105558.666987972,109685.52507317,108762.852649935,108807.388426238,..,35085.9438863856,34163.8166603192,31499.78993155,35296.6435154085,..,..,100749.550478255,..
Russian Federation,RUS,"Exports Merchandise, Customs, Price, US$, not seas. adj.",DXGSRMRCHNSXD,..,..,..,..,..,..,..,..,..,..,..,..,..,..,..,..,..,..,..,..,..,..,..,..,..,..,..,..,..,..,..,..,..,..,..,..,..,..,..,..,..,..,..,..,..,..,..,..,..,..
Russian Federation,RUS,"Exports Merchandise, Customs, Price, US$, seas. adj.",DXGSRMRCHSAXD,..,..,..,..,..,..,..,..,..,..,..,..,..,..,..,..,..,..,..,..,..,..,..,..,..,..,..,..,..,..,..,..,..,..,..,..,..,..,..,..,..,..,..,..,..,..,..,..,..,..
Russian Federation,RUS,"GDP,constant 2010 LCU,millions,seas. adj.,",NYGDPMKTPSAKN,..,..,..,34146366.1,32472043.3,32833704.2,33377375.7,138040110.1,..,..,..,..,..,..,..,..,..,..,..,..,33792109.3,34272917.1,34873737.7,35101346,144125547.5,..,..,..,..,..,..,..,..,..,..,..,..,35523598.8,35800895.9,36120461.8,36680591,36088944.4656948,..,..,..,..,..,..,36088944.4656948,..
Russian Federation,RUS,"GDP,constant 2010 US$,millions,seas. adj.,",NYGDPMKTPSAKD,..,..,..,485122.649443422,461335.289160902,466473.460921091,474197.485133052,1961156.9718739,..,..,..,..,..,..,..,..,..,..,..,..,480089.668865165,486920.578869644,495456.529092241,498690.195046854,2047613.7124203,..,..,..,..,..,..,..,..,..,..,..,..,504689.205204215,508628.807545531,513168.929197884,521126.770472672,512721.157605534,..,..,..,..,..,..,512721.157605534,..
Russian Federation,RUS,"GDP,current LCU,millions,seas. adj.,",NYGDPMKTPSACN,..,..,..,40352042.4125434,38860907.5518631,38586559.8086489,39196858.2742653,175611021.125804,..,..,..,..,..,..,..,..,..,..,..,..,40121438.753054,42333579.4241614,45647523.1030588,47508479.8455301,200570649.894062,..,..,..,..,..,..,..,..,..,..,..,..,47986537.1372276,49133630.2639439,50306513.2968526,53143969.1960378,..,..,..,..,..,..,..,..,..
Russian Federation,RUS,"GDP,current US$,millions,seas. adj.,",NYGDPMKTPSACD,..,..,..,455176.704436143,573763.061143589,644797.857196922,620483.494102274,2064234.48604246,..,..,..,..,..,..,..,..,..,..,..,..,548049.134472044,519961.534445396,484218.919971484,512004.897153534,2160795.28342208,..,..,..,..,..,..,..,..,..,..,..,..,527244.441043167,542283.139691728,562867.891953786,528399.810733399,..,..,..,..,..,..,..,..,..
Russian Federation,RUS,"Imports Merchandise, Customs, constant US$, millions, not seas. adj.",DMGSRMRCHNSKD,..,..,..,..,..,..,..,..,..,..,..,..,..,..,..,..,..,..,..,..,..,..,..,..,..,..,..,..,..,..,..,..,..,..,..,..,..,..,..,..,..,..,..,..,..,..,..,..,..,..
Russian Federation,RUS,"Imports Merchandise, Customs, constant US$, millions, seas. adj.",DMGSRMRCHSAKD,..,..,..,..,..,..,..,..,..,..,..,..,..,..,..,..,..,..,..,..,..,..,..,..,..,..,..,..,..,..,..,..,..,..,..,..,..,..,..,..,..,..,..,..,..,..,..,..,..,..
Russian Federation,RUS,"Imports Merchandise, Customs, current US$, millions, not seas. adj.",DMGSRMRCHNSCD,25179,26272,29734,69761,56742,68823,81185,303086,24104,22528,27986,24789,26932,25434,25466,25430,24795,23400,24328,27894,74618,77155,75691,75622,300124,21457,22843,22750,22339,24518,23904,25513,25763,26956,28172,26758,29151,67050,70761,78232,84081,..,22329,20656,22803,24017,..,..,65788,..
Russian Federation,RUS,"Imports Merchandise, Customs, current US$, millions, seas. adj.",DMGSRMRCHSACD,24101.1453651633,24682.015744604,25007.6928835702,75112.5016707437,59550.5461486517,68251.9366592512,73790.8539933375,304180.796607293,26655.3332915854,24584.3548602446,27861.5995492837,26857.106301747,28013.9184773323,26229.3243241014,25608.1751222815,25087.37684747,24392.2498504134,22461.6218024537,22976.6855011901,23453.0506791896,79101.2877011137,81100.3491031807,75087.8018201649,68891.3579828334,299975.770821873,23444.9915504614,24942.0289605265,22800.2023069374,24139.8138475863,25392.3670037487,24725.3972947913,25712.0288338879,25386.8366744697,26477.6132719368,27087.022962664,25344.5000730375,24522.9680418256,71187.2228179253,74257.5781461263,77576.4787802944,76954.4910775271,..,24274.8372740533,22513.4349421332,22917.4779560573,25946.2625452686,..,..,69705.7501722438,..
Russian Federation,RUS,"Imports Merchandise, Customs, Price, US$, not seas. adj.",DMGSRMRCHNSXD,..,..,..,..,..,..,..,..,..,..,..,..,..,..,..,..,..,..,..,..,..,..,..,..,..,..,..,..,..,..,..,..,..,..,..,..,..,..,..,..,..,..,..,..,..,..,..,..,..,..
Russian Federation,RUS,"Imports Merchandise, Customs, Price, US$, seas. adj.",DMGSRMRCHSAXD,..,..,..,..,..,..,..,..,..,..,..,..,..,..,..,..,..,..,..,..,..,..,..,..,..,..,..,..,..,..,..,..,..,..,..,..,..,..,..,..,..,..,..,..,..,..,..,..,..,..
Russian Federation,RUS,"Industrial Production, constant US$, seas. adj.,,",IPTOTSAKD,51121000849.7563,51634779752.769,51840291313.974,..,..,..,..,641401582520.963,51737535533.3715,51994424984.8778,52662337558.7942,53433005913.3131,53689895364.8195,53741273255.1207,54203674267.8321,53998162706.627,54152296377.5308,53895406926.0245,54049540596.9283,53844029035.7232,..,..,..,..,668734620161.235,54203674267.8321,54871586841.7485,55333987854.4599,55231232073.8573,56464301441.0876,55642255196.2674,55333987854.4599,55745010976.87,55642255196.2674,56207411989.5813,56361545660.4851,57697370808.318,..,..,..,..,..,55693633086.5687,55899144647.7738,55488121525.3637,56001900428.3763,..,..,..,..
Russian Federation,RUS,"Industrial Production, constant US$,,,",IPTOTNSKD,61623311773.7296,62925629601.8008,70206770186.0167,..,..,..,..,740900451642.652,56177255401.7958,54993330103.5493,62392863217.5899,59018676117.5874,59018676117.5874,59669835031.6229,60616975270.2201,61978489363.2036,62392863217.5899,65530265257.943,66240620436.8909,72870602107.0713,..,..,..,..,773931967463.728,58545105998.2888,59433049971.9736,64760713814.0828,61564115508.8173,62274470687.7652,61031349124.6064,62511255747.4145,63517592250.924,64168751164.9596,68845256093.0332,68490078503.5593,78790228598.3037,..,..,..,..,..,59788227561.4476,59551442501.7983,65234283933.3814,62452059482.5022,..,..,..,..
Russian Federation,RUS,"Months Import Cover of Foreign Reserves,,,,",IMPCOV,22.70407865308,22.98390074255,23.27240272462,..,..,..,..,1.96788129519,22.39834683247,23.35821717773,21.31533758317,22.18357008779,20.85304133632,22.20484190913,23.038182033,23.18531361555,23.32794651947,25.64741785195,25.78057657486,25.52297814847,..,..,..,..,2.03039064899,24.97112864127,23.35959119132,25.89336235058,24.76867898713,23.59134537995,24.00359407471,23.41510286448,24.17451641847,23.93483481654,23.31644938872,24.3242438487,24.83663474018,..,..,..,..,..,25.57234444012,28.08788626104,28.24733163227,26.21843892981,..,..,..,..
Russian Federation,RUS,"Nominal Effective Exchange Rate,,,,",NEER,77.86671999311,77.51133055829,69.3593507384,..,..,..,..,54.08386632175,63.89592897789,61.3512414908,59.40071931872,55.48654902481,57.14197145271,54.61767095857,49.95092912959,48.33647930544,48.2479253554,48.49642127213,51.42351767709,50.65704189781,..,..,..,..,51.15282563765,51.15662752138,50.40163739943,50.51284167378,50.73584515507,51.49714188403,53.32793496875,53.42392531009,52.03425071498,50.27602487302,48.16202687599,..,..,..,..,..,..,..,..,..,..,..,..,..,..,..
Russian Federation,RUS,"Official exchange rate, LCU per USD, period average,,",DPANUSLCU,61.84542857143,61.19618181818,66.47281818182,..,..,..,..,85.42100731147,70.05488636364,73.2629,76.30543478261,81.19565,79.39465217391,83.65995454545,90.55595238095,95.57063043478,96.68469047619,97.08697727273,90.42595454545,90.8544047619,..,..,..,..,92.89240035722,89.4297826087,91.7654047619,91.84630952381,93.03927272727,90.92036956522,87.855725,87.52139130435,89.31734090909,91.28730952381,96.44752173913,101.14178571429,104.13659090909,..,..,..,..,87.51489135062,102.85508695652,92.789075,86.2820952381,83.56,80.61027272727,78.99281818182,..,..
Russian Federation,RUS,"Real Effective Exchange Rate,,,,",REER,115.35727190476,113.9603075,102.70194113636,..,..,..,..,81.57129013767,96.01412931818,92.1874925,89.06489826087,82.7531675,85.76563826087,82.15312545455,75.55857214286,72.5258526087,72.80489309524,73.62284454545,78.43769772727,77.9671702381,..,..,..,..,80.62669041721,79.97584695652,78.87431833333,78.91728333333,78.94133818182,80.71645630435,84.07464575,85.15901108696,82.51371818182,80.08435642857,77.00992961538,..,..,..,..,..,..,..,..,..,..,..,..,..,..,..
Russian Federation,RUS,"Retail Sales Volume,Index,,,",RETSALESSA,..,..,..,..,..,..,..,..,..,..,..,..,..,..,..,..,..,..,..,..,..,..,..,..,..,..,..,..,..,..,..,..,..,..,..,..,..,..,..,..,..,..,..,..,..,..,..,..,..,..
Russian Federation,RUS,"Terms of Trade,,,,",TOT,..,..,..,..,..,..,..,..,..,..,..,..,..,..,..,..,..,..,..,..,..,..,..,..,..,..,..,..,..,..,..,..,..,..,..,..,..,..,..,..,..,..,..,..,..,..,..,..,..,..
Russian Federation,RUS,"Unemployment rate,Percent,,,",UNEMPSA_,3.91057276409,3.70493129664,3.58674601547,..,..,..,..,3.16736756763,3.52172986273,3.47288097588,3.47716379307,3.32245254308,3.27404368397,3.11163172433,3.10143710132,3.03313658172,2.99205316011,2.91718390149,2.90073946197,2.88395802191,..,..,..,..,2.50834541947,2.80815137285,2.76750489084,2.67743865055,2.61952716467,2.58059411508,2.51670190892,2.50308934888,2.43558487133,2.39191891346,2.31572163223,2.29951591899,2.18439624583,..,..,..,..,..,2.30528813347,2.36859138612,2.27828111819,2.31924926353,..,..,..,..
Qatar,QAT,"Stock Markets, LCU,,,",DSTKMKTXN,185.71527270053,179.04907977802,163.91455606413,..,..,..,..,151.58620940458,161.41814292751,155.24352184282,150.8520138377,148.96418703972,154.35755474847,150.1092530792,152.2436903301,155.32509230583,150.60278231184,144.56729544901,147.3607832412,147.99019574158,..,..,..,..,148.95983589187,152.21157513516,149.74270922427,149.4768562909,143.37016481275,140.44771924959,141.64001149998,148.40820180006,148.38405193918,152.54561896197,154.55299887817,153.26009567915,153.47802723124,..,..,..,..,153.62313987562,154.22137277637,155.54619495546,152.25402808516,148.73579582026,155.3511501918,155.63029742465,..,..
Qatar,QAT,"Stock Markets, US$,,,",DSTKMKTXD,184.08480121214,177.47713356511,162.47548211879,..,..,..,..,150.25537113332,160.00098602961,153.88057450714,149.52762137416,147.65636859147,153.00238568576,148.79138162076,150.9070797608,153.96142882919,149.28057795535,143.29807913763,146.06704174063,146.69092836734,..,..,..,..,147.65205564415,150.8752465185,148.42805580652,148.16453690643,142.11145860828,139.21467040813,140.39649502981,147.10526457707,147.08132673785,151.20635763586,153.19611393031,151.91456166528,152.13057990579,..,..,..,..,151.87651137011,152.86739931174,154.18059032685,150.91732675642,147.42998251335,153.98725794216,..,..,..
Qatar,QAT,"Total Reserves,,,,",TOTRESV,148977.484345222,154448.407296488,158450.612578274,..,..,..,..,162970.786822761,162547.073237136,156342.689899265,161687.830111625,162207.051456575,159045.848080588,158567.383610128,160622.325074871,158360.658861966,154919.983664579,156842.526545059,161272.03920501,162970.786822761,..,..,..,..,165823.032943098,159392.295126599,158626.626735639,160733.433160904,162785.543152736,163092.866866322,161584.10019058,163912.278791179,167088.075142935,172539.422815138,171950.231418459,167842.580996461,165823.032943098,..,..,..,..,..,169007.487067792,172163.027497958,176247.644976858,185208.412741628,185237.95262728,..,..,..
Qatar,QAT,"Core CPI,not seas.adj,,,",CORENS,..,..,..,..,..,..,..,..,..,..,..,..,..,..,..,..,..,..,..,..,..,..,..,..,..,..,..,..,..,..,..,..,..,..,..,..,..,..,..,..,..,..,..,..,..,..,..,..,..,..
Qatar,QAT,"Core CPI,seas.adj,,,",CORESA,..,..,..,..,..,..,..,..,..,..,..,..,..,..,..,..,..,..,..,..,..,..,..,..,..,..,..,..,..,..,..,..,..,..,..,..,..,..,..,..,..,..,..,..,..,..,..,..,..,..
Qatar,QAT,"CPI Price, % y-o-y, median weighted, seas. adj.,",CPTOTSAXMZGY,..,..,..,..,..,..,..,..,..,..,..,..,..,..,..,..,..,..,..,..,..,..,..,..,..,..,..,..,..,..,..,..,..,..,..,..,..,..,..,..,..,..,..,..,..,..,..,..,..,..
Qatar,QAT,"CPI Price, % y-o-y, not seas. adj.,,",CPTOTSAXNZGY,4.91508491508,5.15943751238,5.70862239841,..,..,..,..,3.03380990268,4.1406636949,4.43915973048,4.21124963188,4.57656952865,3.31817742092,3.25320976928,3.18177448813,2.50383729854,1.85343598517,2.45667491906,1.19596948865,1.50009375586,..,..,..,..,1.14971218196,3.1104346999,2.70398481973,1.25282592313,0.68262577146,0.93632958801,0.98167539267,0.27016955469,1.21665886757,0.87719298246,0.80855018587,0.90266145543,0.12931830778,..,..,..,..,-0.44108574954,-1.16236162362,-0.28637413395,0.18606381989,..,..,..,..,..
Qatar,QAT,"CPI Price, seas. adj.,,,",CPTOTSAXN,123.16172159024,124.5338337047,125.08502404128,..,..,..,..,125.29416363707,123.29072358391,123.60736484109,124.49865134279,125.41339275243,125.24920839686,125.43684766037,125.88249091122,125.30784566671,125.67139673977,126.18740471444,126.02322035886,126.96141667644,..,..,..,..,126.73468589969,127.12560103202,126.94968922247,126.05840272077,126.26949689223,126.42195379383,126.6682303272,126.22258707635,126.83241468277,126.77377741292,127.2076932098,127.16078339393,127.12560103202,..,..,..,..,126.17567726047,125.64794183183,126.58613814941,126.29295180016,..,..,..,..,..
Qatar,QAT,"CPI Price,not seas.adj,,,",CPTOTNSXN,123.61355375777,125.29018642279,126.86129675226,..,..,..,..,125.2794387775,123.57837964591,123.50803142221,123.84804783679,124.71567592918,124.98534412006,124.84464767265,125.30191112674,124.57497948177,125.3839840544,126.73232500879,126.93164497596,128.94829405558,..,..,..,..,126.7137608942,127.44753194982,126.83784734436,125.26673701489,125.58330402157,126.14608981123,126.06401688357,125.58330402157,126.00539336382,126.41575800211,127.82272247626,128.13928948294,129.25313635831,..,..,..,..,125.97021925196,125.98194395592,126.49783092977,125.43088287021,..,..,..,..,..
Qatar,QAT,"Exchange rate, new LCU per USD extended backward, period average,,",DPANUSSPB,3.673,3.673,3.673,..,..,..,..,3.673,3.673,3.673,3.673,3.673,3.673,3.673,3.673,3.673,3.673,3.673,3.673,3.673,..,..,..,..,3.673,3.673,3.673,3.673,3.673,3.673,3.673,3.673,3.673,3.673,3.673,3.673,3.673,..,..,..,..,3.673,3.673,3.673,3.673,3.673,3.673,..,..,..
Qatar,QAT,"Exchange rate, old LCU per USD extended forward, period average,,",DPANUSSPF,3.673,3.673,3.673,..,..,..,..,3.673,3.673,3.673,3.673,3.673,3.673,3.673,3.673,3.673,3.673,3.673,3.673,3.673,..,..,..,..,3.673,3.673,3.673,3.673,3.673,3.673,3.673,3.673,3.673,3.673,3.673,3.673,3.673,..,..,..,..,3.673,3.673,3.673,3.673,3.673,3.673,..,..,..
Qatar,QAT,"Exports Merchandise, Customs, constant US$, millions, not seas. adj.",DXGSRMRCHNSKD,..,..,..,..,..,..,..,..,..,..,..,..,..,..,..,..,..,..,..,..,..,..,..,..,..,..,..,..,..,..,..,..,..,..,..,..,..,..,..,..,..,..,..,..,..,..,..,..,..,..
Qatar,QAT,"Exports Merchandise, Customs, constant US$, millions, seas. adj.",DXGSRMRCHSAKD,..,..,..,..,..,..,..,..,..,..,..,..,..,..,..,..,..,..,..,..,..,..,..,..,..,..,..,..,..,..,..,..,..,..,..,..,..,..,..,..,..,..,..,..,..,..,..,..,..,..
Qatar,QAT,"Exports Merchandise, Customs, current US$, millions, not seas. adj.",DXGSRMRCHNSCD,10443.7,10206.3,10523,28607.7,34596.2,36690.7,31173,97756.2,9337.8,8524.2,8475.7,8431.7,7641.2,7371.4,7990.3,8631.4,8044,7991.6,7288.4,8028.5,26337.7,23444.3,24665.7,23308.5,..,8487.4,7751.7,7828.2,7548.1,7703.4,8097.6,8299.5,8232.9,7585.1,..,..,..,24067.3,23349.1,24117.5,..,..,..,..,..,..,..,..,..,..
Qatar,QAT,"Exports Merchandise, Customs, current US$, millions, seas. adj.",DXGSRMRCHSACD,10552.8494234795,10071.3666690542,9912.97272161516,28581.6502797775,36253.0238886966,35825.5410959693,30537.1888141489,97790.2139465055,8908.63780552412,8817.66708761067,8733.09758913713,9012.35115944809,7823.95830014819,7703.87052250417,7756.87265171653,8104.6807633125,8005.91470608229,8073.05002242232,7229.82192984953,7620.29140874998,26459.4024822719,24540.1799821005,23867.4681211113,22923.1633610218,..,8181.819316949,8052.15127706095,8074.28429251153,8043.41025628948,7872.54329500637,8457.81264619925,8044.37194733928,7679.02392961815,7503.82060013002,..,..,..,24308.2548865215,24373.7661974951,23227.2164770875,..,..,..,..,..,..,..,..,..,..
Qatar,QAT,"Exports Merchandise, Customs, Price, US$, not seas. adj.",DXGSRMRCHNSXD,..,..,..,..,..,..,..,..,..,..,..,..,..,..,..,..,..,..,..,..,..,..,..,..,..,..,..,..,..,..,..,..,..,..,..,..,..,..,..,..,..,..,..,..,..,..,..,..,..,..
Qatar,QAT,"Exports Merchandise, Customs, Price, US$, seas. adj.",DXGSRMRCHSAXD,..,..,..,..,..,..,..,..,..,..,..,..,..,..,..,..,..,..,..,..,..,..,..,..,..,..,..,..,..,..,..,..,..,..,..,..,..,..,..,..,..,..,..,..,..,..,..,..,..,..
Qatar,QAT,"GDP,constant 2010 LCU,millions,seas. adj.,",NYGDPMKTPSAKN,..,..,..,..,..,..,..,..,..,..,..,..,..,..,..,..,..,..,..,..,..,..,..,..,..,..,..,..,..,..,..,..,..,..,..,..,..,..,..,..,..,..,..,..,..,..,..,..,..,..
Qatar,QAT,"GDP,constant 2010 US$,millions,seas. adj.,",NYGDPMKTPSAKD,..,..,..,..,..,..,..,..,..,..,..,..,..,..,..,..,..,..,..,..,..,..,..,..,..,..,..,..,..,..,..,..,..,..,..,..,..,..,..,..,..,..,..,..,..,..,..,..,..,..
Qatar,QAT,"GDP,current LCU,millions,seas. adj.,",NYGDPMKTPSACN,..,..,..,..,..,..,..,..,..,..,..,..,..,..,..,..,..,..,..,..,..,..,..,..,..,..,..,..,..,..,..,..,..,..,..,..,..,..,..,..,..,..,..,..,..,..,..,..,..,..
Qatar,QAT,"GDP,current US$,millions,seas. adj.,",NYGDPMKTPSACD,..,..,..,..,..,..,..,..,..,..,..,..,..,..,..,..,..,..,..,..,..,..,..,..,..,..,..,..,..,..,..,..,..,..,..,..,..,..,..,..,..,..,..,..,..,..,..,..,..,..
Qatar,QAT,"Imports Merchandise, Customs, constant US$, millions, not seas. adj.",DMGSRMRCHNSKD,..,..,..,..,..,..,..,..,..,..,..,..,..,..,..,..,..,..,..,..,..,..,..,..,..,..,..,..,..,..,..,..,..,..,..,..,..,..,..,..,..,..,..,..,..,..,..,..,..,..
Qatar,QAT,"Imports Merchandise, Customs, constant US$, millions, seas. adj.",DMGSRMRCHSAKD,..,..,..,..,..,..,..,..,..,..,..,..,..,..,..,..,..,..,..,..,..,..,..,..,..,..,..,..,..,..,..,..,..,..,..,..,..,..,..,..,..,..,..,..,..,..,..,..,..,..
Qatar,QAT,"Imports Merchandise, Customs, current US$, millions, not seas. adj.",DMGSRMRCHNSCD,3513.20446501497,2968.96270078955,2738.6332698067,7923.49578001634,7444.32344132861,8563.02749795807,9220.80043561122,31148.3800707868,2643.07105907977,2208.00435611217,2619.65695616662,2365.91342227062,2610.94473182684,2564.11652600055,2569.56166621291,2739.72229784917,2562.48298393684,2739.45004083855,2668.93547508848,2856.5205554043,7470.73237135856,7540.97468009801,7871.76694799891,8264.90607133134,35398.0397495236,3648.78845630275,2741.6280969235,2960.794990471,2730.46555948816,2855.70378437245,2691.8050639804,2738.36101279608,2760.41383065614,2679.55349850259,3358.83473999456,2765.8589708685,3465.83174516744,9351.21154369725,8277.974407841,8178.32834195481,9590.52545603049,..,3134.76722025592,2827.93356928941,2888.91913966785,2923.76803702695,..,..,8851.61992921318,..
Qatar,QAT,"Imports Merchandise, Customs, current US$, millions, seas. adj.",DMGSRMRCHSACD,3262.9754045341,2869.97490584738,2590.30150129639,7953.33722601868,7716.90233929548,8731.20589520231,8723.25181167787,31143.5457666338,2573.28691264535,2355.91457978489,2553.05365670092,2494.40758941171,2627.3916885299,2691.72215320738,2689.34452699025,2748.90364994096,2567.9875474586,2508.27282773203,2608.44828075303,2724.81235347874,7482.25514913116,7813.52143114899,8006.23572438981,7841.5334619638,35344.8343407376,3525.3793250578,2928.06615080393,2917.11856949018,2881.43213058677,2878.35308256062,2819.93654362864,2866.45566331257,2752.71320040797,2676.34311926409,3065.68653703657,2707.35172478591,3325.99829380258,9370.56404535191,8579.72175677603,8295.51198298463,9099.03655562506,..,3015.36125760522,3023.2323030603,2861.25886547242,3090.0053552128,..,..,8899.85242613794,..
Qatar,QAT,"Imports Merchandise, Customs, Price, US$, not seas. adj.",DMGSRMRCHNSXD,..,..,..,..,..,..,..,..,..,..,..,..,..,..,..,..,..,..,..,..,..,..,..,..,..,..,..,..,..,..,..,..,..,..,..,..,..,..,..,..,..,..,..,..,..,..,..,..,..,..
Qatar,QAT,"Imports Merchandise, Customs, Price, US$, seas. adj.",DMGSRMRCHSAXD,..,..,..,..,..,..,..,..,..,..,..,..,..,..,..,..,..,..,..,..,..,..,..,..,..,..,..,..,..,..,..,..,..,..,..,..,..,..,..,..,..,..,..,..,..,..,..,..,..,..
Qatar,QAT,"Industrial Production, constant US$, seas. adj.,,",IPTOTSAKD,6471234956.14159,6592271976.59903,6367221664.64522,..,..,..,..,78996195573.2885,6392718803.10677,6601345413.95702,6651879534.29961,6839357367.6258,6614385068.68612,6729199706.787,6694725179.90843,6545376073.45895,6668674837.53449,6089371958.17506,6472004418.77689,6697157210.97232,..,..,..,..,..,6733048452.74941,6415722632.37551,6616430064.93519,6411508286.17715,6242911484.44305,6324545369.96485,6421837312.98204,6437157718.32869,..,..,..,..,..,..,..,..,..,..,..,..,..,..,..,..,..
Qatar,QAT,"Industrial Production, constant US$,,,",IPTOTNSKD,6241202067.86285,6134638807.66191,6273990763.30929,..,..,..,..,77228727709.4065,6494683905.73725,6222285512.79759,6528103153.0192,6706549322.4681,6289754559.197,6548911363.59098,6777171128.04505,6632774757.71361,6559630744.79462,5869176484.91285,6007267336.8892,6592419440.24106,..,..,..,..,..,6853467900.14157,6035011617.65157,6514231012.63801,6309932217.93327,5914576217.06946,6143466533.35903,6504772735.10539,6530625360.36123,..,..,..,..,..,..,..,..,..,..,..,..,..,..,..,..,..
Qatar,QAT,"Months Import Cover of Foreign Reserves,,,,",IMPCOV,45.65694370182,53.81524660087,61.17072182484,..,..,..,..,5.23289120783,63.16710058189,66.36178206153,63.33115235837,65.02828653389,60.53374103866,58.90926870784,59.72545483216,57.60866113491,60.32738897737,62.5300903518,61.82681113327,59.8099119063,..,..,..,..,4.69157759645,45.21280702864,54.17453655959,55.10006855463,56.49466507462,56.66186954424,57.30061570203,57.18291089901,60.69941289858,64.46834920874,56.08865399027,61.99511480531,49.85661996643,..,..,..,..,..,56.04883548912,56.94667502847,61.59793757345,59.93789377393,..,..,..,..
Qatar,QAT,"Nominal Effective Exchange Rate,,,,",NEER,..,..,..,..,..,..,..,..,..,..,..,..,..,..,..,..,..,..,..,..,..,..,..,..,..,..,..,..,..,..,..,..,..,..,..,..,..,..,..,..,..,..,..,..,..,..,..,..,..,..
Qatar,QAT,"Official exchange rate, LCU per USD, period average,,",DPANUSLCU,3.673,3.673,3.673,..,..,..,..,3.673,3.673,3.673,3.673,3.673,3.673,3.673,3.673,3.673,3.673,3.673,3.673,3.673,..,..,..,..,3.673,3.673,3.673,3.673,3.673,3.673,3.673,3.673,3.673,3.673,3.673,3.673,3.673,..,..,..,..,3.673,3.673,3.673,3.673,3.673,3.673,..,..,..
Qatar,QAT,"Real Effective Exchange Rate,,,,",REER,..,..,..,..,..,..,..,..,..,..,..,..,..,..,..,..,..,..,..,..,..,..,..,..,..,..,..,..,..,..,..,..,..,..,..,..,..,..,..,..,..,..,..,..,..,..,..,..,..,..
Qatar,QAT,"Retail Sales Volume,Index,,,",RETSALESSA,..,..,..,..,..,..,..,..,..,..,..,..,..,..,..,..,..,..,..,..,..,..,..,..,..,..,..,..,..,..,..,..,..,..,..,..,..,..,..,..,..,..,..,..,..,..,..,..,..,..
Qatar,QAT,"Terms of Trade,,,,",TOT,..,..,..,..,..,..,..,..,..,..,..,..,..,..,..,..,..,..,..,..,..,..,..,..,..,..,..,..,..,..,..,..,..,..,..,..,..,..,..,..,..,..,..,..,..,..,..,..,..,..
Qatar,QAT,"Unemployment rate,Percent,,,",UNEMPSA_,..,..,..,..,..,..,..,..,..,..,..,..,..,..,..,..,..,..,..,..,..,..,..,..,..,..,..,..,..,..,..,..,..,..,..,..,..,..,..,..,..,..,..,..,..,..,..,..,..,..
India,IND,"Stock Markets, LCU,,,",DSTKMKTXN,339.30671564004,357.06824481765,358.1867635039,..,..,..,..,368.59463144435,349.91764646165,349.62040368246,338.94012719264,347.68401903888,358.75082953181,365.77759299037,382.9364186124,378.96779730889,384.91980966121,378.36857907839,379.10393804674,408.14841572682,..,..,..,..,447.24547181612,415.45000505641,418.79172378195,423.77850010127,428.54269227432,428.39390383581,445.10952747184,466.10565139559,466.35140879959,482.57318796261,469.74254410719,457.53136370858,464.57515329825,..,..,..,..,453.01296770997,446.93632807309,441.41640686419,436.38100885915,448.88105688508,471.18165500019,473.28135057811,..,..
India,IND,"Stock Markets, US$,,,",DSTKMKTXD,189.21184041833,200.50549629803,199.48438842684,..,..,..,..,204.8845086224,196.1556441666,194.4193833175,189.12904707855,194.69119296972,200.11660707771,204.21760324176,213.97942419816,210.2356663962,212.84683946644,208.73712287837,208.98851372023,225.09705895756,..,..,..,..,245.40723396824,229.52120114747,231.76192341914,234.45000324942,235.9842829408,235.90641482022,244.84020105433,256.0427097056,255.2137637111,264.41851878556,256.69130559554,249.02553794509,251.03094524461,..,..,..,..,241.76974785806,237.89062664687,232.82397779967,231.36787120669,241.08550383926,253.73377476416,253.71673289169,..,..
India,IND,"Total Reserves,,,,",TOTRESV,534022,553170,562721,..,..,..,..,622452,574416,562723,578449,590097,590717,595051,605810,598241,587714,588461,604172,622452,..,..,..,..,635701,619963,625165,646419,640201,651510,651997,670615,682231,705782,682130,659433,635701,..,..,..,..,..,630607,638698,668326,688129,691485,..,..,..
India,IND,"Core CPI,not seas.adj,,,",CORENS,..,..,..,..,..,..,..,..,..,..,..,..,..,..,..,..,..,..,..,..,..,..,..,..,..,..,..,..,..,..,..,..,..,..,..,..,..,..,..,..,..,..,..,..,..,..,..,..,..,..
India,IND,"Core CPI,seas.adj,,,",CORESA,..,..,..,..,..,..,..,..,..,..,..,..,..,..,..,..,..,..,..,..,..,..,..,..,..,..,..,..,..,..,..,..,..,..,..,..,..,..,..,..,..,..,..,..,..,..,..,..,..,..
India,IND,"CPI Price, % y-o-y, median weighted, seas. adj.,",CPTOTSAXMZGY,..,..,..,..,..,..,..,..,..,..,..,..,..,..,..,..,..,..,..,..,..,..,..,..,..,..,..,..,..,..,..,..,..,..,..,..,..,..,..,..,..,..,..,..,..,..,..,..,..,..
India,IND,"CPI Price, % y-o-y, not seas. adj.,,",CPTOTSAXNZGY,6.77655677656,5.93220338983,5.77965081276,..,..,..,..,5.6593725794,6.54261704682,6.44776119403,5.66706021251,4.6674445741,4.35540069686,4.8115942029,7.36658932715,6.80115273775,5.04297994269,4.85991995426,5.65714285714,5.7484348321,..,..,..,..,4.94387170676,5.07042253521,5.10375771172,4.86033519553,4.79375696767,4.89705063996,5.03318584071,3.51161534306,3.6157582299,5.45553737043,6.2159214831,5.51649540292,5.27448869752,..,..,..,..,1.67307020608,4.23592493298,3.57524012807,3.3031433138,3.1914893617,2.86472148541,..,..,..
India,IND,"CPI Price, seas. adj.,,,",CPTOTSAXN,212.2572815534,212.3786407767,213.22815533981,..,..,..,..,220.72208737864,215.41262135922,216.38349514563,217.23300970874,217.71844660194,218.08252427185,219.41747572816,224.6359223301,224.8786407767,222.45145631068,222.57281553398,224.3932038835,225.4854368932,..,..,..,..,231.63430420712,226.33495145631,227.42718446602,227.79126213592,228.15533980583,228.76213592233,230.46116504854,232.52427184466,233.00970873786,234.58737864078,236.40776699029,236.77184466019,237.3786407767,..,..,..,..,235.50970873786,235.92233009709,235.55825242718,235.31553398058,235.43689320388,235.31553398058,..,..,..
India,IND,"CPI Price,not seas.adj,,,",CPTOTNSXN,214.70230862698,214.45929526124,213.4872417983,..,..,..,..,221.00040502228,214.45929526124,214.82381530984,215.30984204131,216.40340218712,217.6184690158,219.92709599028,226.36695018226,226.24544349939,223.69380315917,225.15188335359,226.36695018226,225.63791008506,..,..,..,..,231.93600648036,225.39489671932,225.75941676792,225.75941676792,226.85297691373,228.06804374241,231.1057108141,234.50789793439,234.50789793439,235.9659781288,239.12515188335,238.76063183475,237.42405832321,..,..,..,..,234.14337788578,234.99392466586,233.90036452005,233.29283110571,234.02187120292,234.50789793439,..,..,..
India,IND,"Exchange rate, new LCU per USD extended backward, period average,,",DPANUSSPB,82.331,81.77329545455,82.4685,..,..,..,..,82.58735991416,81.89675,82.5729375,82.27811956522,82.00475,82.29354347826,82.23586363636,82.16419047619,82.78095652174,83.04845238095,83.22386363636,83.29377272727,83.25511904762,..,..,..,..,83.66917165613,83.11334782609,82.9725952381,83.02037301587,83.3883030303,83.38619565217,83.477675,83.58873913043,83.90681818182,83.80295238095,84.02245652174,84.35628571429,84.99431818182,..,..,..,..,86.06579073133,86.27208695652,87.06245,86.58256349206,85.55066666667,85.23415909091,85.69281818182,..,..
India,IND,"Exchange rate, old LCU per USD extended forward, period average,,",DPANUSSPF,82.331,81.77329545455,82.4685,..,..,..,..,82.58735991416,81.89675,82.5729375,82.27811956522,82.00475,82.29354347826,82.23586363636,82.16419047619,82.78095652174,83.04845238095,83.22386363636,83.29377272727,83.25511904762,..,..,..,..,83.66917165613,83.11334782609,82.9725952381,83.02037301587,83.3883030303,83.38619565217,83.477675,83.58873913043,83.90681818182,83.80295238095,84.02245652174,84.35628571429,84.99431818182,..,..,..,..,86.06579073133,86.27208695652,87.06245,86.58256349206,85.55066666667,85.23415909091,85.69281818182,..,..
India,IND,"Exports Merchandise, Customs, constant US$, millions, not seas. adj.",DXGSRMRCHNSKD,..,..,..,..,..,..,..,..,..,..,..,..,..,..,..,..,..,..,..,..,..,..,..,..,..,..,..,..,..,..,..,..,..,..,..,..,..,..,..,..,..,..,..,..,..,..,..,..,..,..
India,IND,"Exports Merchandise, Customs, constant US$, millions, seas. adj.",DXGSRMRCHSAKD,..,..,..,..,..,..,..,..,..,..,..,..,..,..,..,..,..,..,..,..,..,..,..,..,..,..,..,..,..,..,..,..,..,..,..,..,..,..,..,..,..,..,..,..,..,..,..,..,..,..
India,IND,"Exports Merchandise, Customs, current US$, millions, not seas. adj.",DXGSRMRCHNSCD,2602.09,2854.13,3140.61,8807.96,9340.41,8836,8596.83,35633.81,2931.95,3057.65,3452.65,2839.43,2878.18,2822.66,2833.41,3169.42,2857.5,2782.85,2810.96,3197.15,9442.25,8540.27,8860.33,8790.96,37032.29,3102.39,3435.16,3460.4,2944.53,3301.63,2935.05,2901.29,2892.93,2875.7,3274.66,2696.03,3212.52,9997.95,9181.21,8669.92,9183.21,..,3135.32,3205.32,3644.29,3293.06,..,..,9984.93,..
India,IND,"Exports Merchandise, Customs, current US$, millions, seas. adj.",DXGSRMRCHSACD,2702.15775270348,3097.17424411182,2985.06390147748,8457.13763367809,9428.29152784376,8968.54265951082,8784.39589829278,35683.1040197793,2975.25918754899,3034.13666558058,3023.99260871521,2887.3326235156,2844.62440513406,2830.62886266721,2847.70010060769,3218.70141135297,2980.56260267909,2923.72920583257,3073.92861051819,3042.50773562711,9033.38846184478,8562.58589131687,9046.96411463975,9040.16555197787,37061.9758402115,3144.62819397729,3368.2821119079,3015.68179870506,2979.62046801499,3246.17608621494,2940.11591456833,2933.1397863507,2943.04568376592,3018.69188779387,3469.90458978127,2946.65938682848,3056.02993230273,9528.59210459025,9165.91246879826,8894.87735791049,9472.59390891248,..,3168.49932845813,3115.86510552011,3177.10644563469,3335.93934908137,..,..,9461.47087961293,..
India,IND,"Exports Merchandise, Customs, Price, US$, not seas. adj.",DXGSRMRCHNSXD,..,..,..,..,..,..,..,..,..,..,..,..,..,..,..,..,..,..,..,..,..,..,..,..,..,..,..,..,..,..,..,..,..,..,..,..,..,..,..,..,..,..,..,..,..,..,..,..,..,..
India,IND,"Exports Merchandise, Customs, Price, US$, seas. adj.",DXGSRMRCHSAXD,..,..,..,..,..,..,..,..,..,..,..,..,..,..,..,..,..,..,..,..,..,..,..,..,..,..,..,..,..,..,..,..,..,..,..,..,..,..,..,..,..,..,..,..,..,..,..,..,..,..
India,IND,"GDP,constant 2010 LCU,millions,seas. adj.,",NYGDPMKTPSAKN,..,..,..,38956620,39122370,40013350,40742980,172910710,..,..,..,..,..,..,..,..,..,..,..,..,41598830,42985720,43753850,44572310,184441810,..,..,..,..,..,..,..,..,..,..,..,..,45076380,45820890,46212070,47332470,48453320,..,..,..,..,..,..,48453320,..
India,IND,"GDP,constant 2010 US$,millions,seas. adj.,",NYGDPMKTPSAKD,..,..,..,743578.913078876,746742.642500033,763749.095831328,777675.804112225,3300408.44923139,..,..,..,..,..,..,..,..,..,..,..,..,794011.718592448,820483.783128847,835145.354653873,850767.592856226,3520506.67142325,..,..,..,..,..,..,..,..,..,..,..,..,860388.956894371,874599.685047284,882066.277354784,903451.752126814,924845.816209491,..,..,..,..,..,..,924845.816209491,..
India,IND,"GDP,current LCU,millions,seas. adj.,",NYGDPMKTPSACN,..,..,..,63727180,65236950,66720840,67494680,292721740,..,..,..,..,..,..,..,..,..,..,..,..,69282140,72580400,74686450,76172750,322118620,..,..,..,..,..,..,..,..,..,..,..,..,77683040,79664390,80753210,84017980,86077450,..,..,..,..,..,..,86077450,..
India,IND,"GDP,current US$,millions,seas. adj.,",NYGDPMKTPSACD,..,..,..,847137.905370272,845290.29252503,836354.52223918,821193.755891562,3543945.65761735,..,..,..,..,..,..,..,..,..,..,..,..,842343.534769752,883209.055282196,903488.439061222,914904.62850418,3849375.22430664,..,..,..,..,..,..,..,..,..,..,..,..,935540.79104564,955009.367084409,964031.304028662,994793.762147927,993518.123872275,..,..,..,..,..,..,993518.123872275,..
India,IND,"Imports Merchandise, Customs, constant US$, millions, not seas. adj.",DMGSRMRCHNSKD,..,..,..,..,..,..,..,..,..,..,..,..,..,..,..,..,..,..,..,..,..,..,..,..,..,..,..,..,..,..,..,..,..,..,..,..,..,..,..,..,..,..,..,..,..,..,..,..,..,..
India,IND,"Imports Merchandise, Customs, constant US$, millions, seas. adj.",DMGSRMRCHSAKD,..,..,..,..,..,..,..,..,..,..,..,..,..,..,..,..,..,..,..,..,..,..,..,..,..,..,..,..,..,..,..,..,..,..,..,..,..,..,..,..,..,..,..,..,..,..,..,..,..,..
India,IND,"Imports Merchandise, Customs, current US$, millions, not seas. adj.",DMGSRMRCHNSCD,57910.1,56951.02,61218.37,171554.56,183535.72,189021.49,176079.49,673715.72,52825.99,53581.11,60920.4,49055.24,57477.95,53512.46,53485.53,62297.74,54484.63,63861.85,55061.71,57151.11,167327.5,160045.65,170267.9,176074.67,718108.2,53876.53,60919.29,57027.14,54488.05,61631.61,55990.99,59474.86,68507.99,58719.07,65068.15,63925.93,58478.59,171822.96,172110.65,186701.92,187472.67,..,59842.01,51370.45,63767.89,64912.16,..,..,174980.35,..
India,IND,"Imports Merchandise, Customs, current US$, millions, seas. adj.",DMGSRMRCHSACD,55434.5957461983,57339.1116715327,57853.9076835171,171021.362183015,190986.520408326,188219.044165909,170627.615101248,672855.405838604,54902.9508673658,54650.6913277768,58211.0877457061,52175.9549720467,57561.7323318709,56102.124158985,54539.618848155,58729.9156866188,54855.6559088236,60705.4672966019,55253.8937467981,55166.3129478556,167764.729940849,165839.811462903,168125.190443597,171125.673991256,717586.287903132,56565.2149023101,61919.9810013825,55057.383491186,58016.6005710845,61046.2418887801,58282.5311143038,60516.2793622944,64358.3194163435,59134.6083333201,61717.6891568257,63943.1529813921,57028.285683909,173542.579394879,177345.373574168,184009.207111958,182689.127822127,..,63144.7455567849,51981.9456917017,61840.1747051628,69371.7947908938,..,..,176966.865953649,..
India,IND,"Imports Merchandise, Customs, Price, US$, not seas. adj.",DMGSRMRCHNSXD,..,..,..,..,..,..,..,..,..,..,..,..,..,..,..,..,..,..,..,..,..,..,..,..,..,..,..,..,..,..,..,..,..,..,..,..,..,..,..,..,..,..,..,..,..,..,..,..,..,..
India,IND,"Imports Merchandise, Customs, Price, US$, seas. adj.",DMGSRMRCHSAXD,..,..,..,..,..,..,..,..,..,..,..,..,..,..,..,..,..,..,..,..,..,..,..,..,..,..,..,..,..,..,..,..,..,..,..,..,..,..,..,..,..,..,..,..,..,..,..,..,..,..
India,IND,"Industrial Production, constant US$, seas. adj.,,",IPTOTSAKD,58572111204.6421,63054253056.965,62636280812.6979,..,..,..,..,780369160436.818,63471314319.1124,63838044818.9527,63322577365.6044,64967130326.5397,65445799447.7362,65652637905.9294,65046668644.7849,66663841446.5296,65277156273.2621,65909806364.5015,64969637843.6307,65804545680.2344,..,..,..,..,813798977449.864,66095510517.0199,67339755085.7775,66837574849.1794,67816397896.5421,69091320002.6118,68598486628.8297,68228294340.684,66838906666.9315,67625608405,68770546825.3245,68224378463.8514,68332197768.112,..,..,..,..,..,69438869923.2192,69062439503.7965,69556612648.2959,69422288823.9124,..,..,..,..
India,IND,"Industrial Production, constant US$,,,",IPTOTNSKD,56114724272.6115,59667934612.6533,63221144952.6951,..,..,..,..,752977269254.957,63871122453.9222,60361243947.2956,65734391290.7734,60967889615.1076,63091149452.4496,62354508284.3922,61834526283.4105,63177813119.2799,61661198949.7499,62787826618.5436,61141216948.7682,65994382291.2643,..,..,..,..,785736135316.806,66557696125.6612,63741126953.6768,69330933464.2304,64131113454.4131,67034346293.2277,65431068456.8674,64911086455.8857,63177813119.2799,63654463286.8465,65127745622.9614,64174445287.8282,68464296795.9275,..,..,..,..,..,70024242798.8727,65474400290.2826,72060838969.3844,65864386791.0189,..,..,..,..
India,IND,"Months Import Cover of Foreign Reserves,,,,",IMPCOV,9.63337051189,9.64734164646,9.72658585274,..,..,..,..,0.92509028626,10.46238846775,10.29672244446,9.93709312781,11.30974987072,10.2623214429,10.60656809203,11.10770505541,10.18630782976,10.71382686549,9.69370678138,10.93446921168,11.28319017057,..,..,..,..,0.88588788654,10.96014575514,10.09633707714,11.74082310147,11.03478993423,10.67240144261,11.18683398841,11.08156362332,10.60050986705,11.93517670772,11.05242288425,10.31280081218,11.14711747647,..,..,..,..,..,9.98669001577,12.28691984306,10.80731099461,9.91943486649,..,..,..,..
India,IND,"Nominal Effective Exchange Rate,,,,",NEER,70.34303738095,69.71277659091,67.35281090909,..,..,..,..,67.80931081411,66.82489818182,66.7105615,67.38933347826,67.2542,67.49398956522,68.26043454545,68.07506,68.33127217391,68.75597619048,69.15372681818,68.04253136364,67.41974595238,..,..,..,..,68.13593370919,67.81804195652,68.4775547619,68.43402380952,68.87210818182,68.70164217391,68.92358875,68.70029130435,67.41096,66.86638,67.15474615385,..,..,..,..,..,..,..,..,..,..,..,..,..,..,..
India,IND,"Official exchange rate, LCU per USD, period average,,",DPANUSLCU,82.331,81.77329545455,82.4685,..,..,..,..,82.58735991416,81.89675,82.5729375,82.27811956522,82.00475,82.29354347826,82.23586363636,82.16419047619,82.78095652174,83.04845238095,83.22386363636,83.29377272727,83.25511904762,..,..,..,..,83.66917165613,83.11334782609,82.9725952381,83.02037301587,83.3883030303,83.38619565217,83.477675,83.58873913043,83.90681818182,83.80295238095,84.02245652174,84.35628571429,84.99431818182,..,..,..,..,86.06579073133,86.27208695652,87.06245,86.58256349206,85.55066666667,85.23415909091,85.69281818182,..,..
India,IND,"Real Effective Exchange Rate,,,,",REER,110.35441071429,109.45864295455,105.36977818182,..,..,..,..,107.64202080991,104.23096727273,103.9914195,104.97101130435,104.901246,105.77960630435,107.73375454546,109.31023047619,110.88224695652,110.70114809524,110.81143340909,109.66456204546,108.72662380952,..,..,..,..,110.20348556242,108.90973173913,109.47932071429,109.08736904762,109.84561545455,109.89638521739,111.23644775,112.22262543478,110.54876863636,109.87897547619,110.92961615385,..,..,..,..,..,..,..,..,..,..,..,..,..,..,..
India,IND,"Retail Sales Volume,Index,,,",RETSALESSA,..,..,..,..,..,..,..,..,..,..,..,..,..,..,..,..,..,..,..,..,..,..,..,..,..,..,..,..,..,..,..,..,..,..,..,..,..,..,..,..,..,..,..,..,..,..,..,..,..,..
India,IND,"Terms of Trade,,,,",TOT,..,..,..,..,..,..,..,..,..,..,..,..,..,..,..,..,..,..,..,..,..,..,..,..,..,..,..,..,..,..,..,..,..,..,..,..,..,..,..,..,..,..,..,..,..,..,..,..,..,..
India,IND,"Unemployment rate,Percent,,,",UNEMPSA_,..,..,..,..,..,..,..,..,..,..,..,..,..,..,..,..,..,..,..,..,..,..,..,..,..,..,..,..,..,..,..,..,..,..,..,..,..,..,..,..,..,..,..,..,..,..,..,..,..,..
France,FRA,"Stock Markets, LCU,,,",DSTKMKTXN,162.70257305249,176.57823487996,177.65725948742,..,..,..,..,193.51065410058,186.92107903338,194.3241447911,192.17720681869,199.28011341348,196.67090893762,194.0228323016,196.09332907447,194.72537256094,192.77197287275,185.20582575558,190.29438661291,199.6406770344,..,..,..,..,203.14391385365,198.57857208541,205.61806087995,214.0996631379,213.27656169712,215.1412800877,205.38039605417,200.89672216911,196.73341285428,199.72950552687,199.86175358765,193.52742554986,194.88361261378,..,..,..,..,206.59233489615,202.49653108144,213.1270071613,213.27853923267,195.9176122547,207.61119509813,207.12312454868,..,..
France,FRA,"Stock Markets, US$,,,",DSTKMKTXD,112.21115083109,126.29966907639,131.73492143477,..,..,..,..,146.67010341334,141.1715527831,145.88832777068,144.27980761808,153.03076038264,149.77578582146,147.22903672169,151.94600575789,148.90672472825,144.26029913492,137.07723630215,144.19753338088,152.2781705584,..,..,..,..,154.02781581268,151.81589329379,155.4675489077,163.21094728639,160.26508359642,162.97185472819,154.87259915215,152.66848250041,151.8879182508,155.35645942469,152.62024779155,144.13256968664,143.06418513338,..,..,..,..,157.85326931379,146.81972341718,155.47866193114,161.38811301808,153.81468619754,163.95274722034,165.66568409847,..,..
France,FRA,"Total Reserves,,,,",TOTRESV,103820.432058387,105088.286248712,107632.568453132,..,..,..,..,84881.9270734201,97995.5905331033,80504.9900376775,81993.6201901375,82416.9527388932,81524.2033386058,81517.7729707766,82410.522371064,82603.43340594,80577.8675397418,82089.0039796039,83977.3886654459,84881.9270734201,..,..,..,..,84054.5530793963,85666.4319485826,85330.9810934926,85068.4077404669,83867.0006843779,84323.5568002512,83653.7268180428,84175.6583401796,85530.3224961978,86540.9619733539,85087.6988439545,84612.9233525652,84054.5530793963,..,..,..,..,..,86717.7970886569,86958.9358822519,88351.1105172739,90896.4644496658,..,..,..,..
France,FRA,"Core CPI,not seas.adj,,,",CORENS,118.53319057816,118.90792291221,119.29336188437,..,..,..,..,122.18326195575,118.96145610278,120.06423982869,121.15631691649,122.22698072805,122.49464668094,122.77301927195,123.16916488223,123.88650963597,122.65524625268,123.02997858672,122.68736616702,123.09421841542,..,..,..,..,125.24982155603,122.62312633833,123.6295503212,124.15417558887,125.2034261242,125.53533190578,125.96359743041,126.14561027837,127.2591006424,125.43897216274,125.76017130621,125.51391862955,125.77087794433,..,..,..,..,126.30353319058,125.18201284797,125.99571734475,126.45610278373,127.58029978587,..,..,..,..
France,FRA,"Core CPI,seas.adj,,,",CORESA,117.96808510638,118.53191489362,118.93617021277,..,..,..,..,121.40691489362,119.35106382979,119.90425531915,120.5,121.01063829787,121.17021276596,121.40425531915,121.78723404255,121.94680851064,122.10638297872,122.43617021277,122.42553191489,122.84042553192,..,..,..,..,124.45212765958,123.09574468085,123.44680851064,123.53191489362,123.90425531915,124.13829787234,124.48936170213,124.64893617021,125.13829787234,124.93617021277,125.17021276596,125.34042553192,125.58510638298,..,..,..,..,125.89361702128,125.70212765958,125.81914893617,125.82978723404,126.22340425532,..,..,..,..
France,FRA,"CPI Price, % y-o-y, median weighted, seas. adj.,",CPTOTSAXMZGY,..,..,..,..,..,..,..,..,..,..,..,..,..,..,..,..,..,..,..,..,..,..,..,..,..,..,..,..,..,..,..,..,..,..,..,..,..,..,..,..,..,..,..,..,..,..,..,..,..,..
France,FRA,"CPI Price, % y-o-y, not seas. adj.,,",CPTOTSAXNZGY,6.20053998697,6.20945319741,5.92585744661,..,..,..,..,4.87746812088,6.05865587938,6.24313438301,5.69901241279,5.82173205569,5.09965882564,4.52884015334,4.2528633579,4.82355027487,4.93225892146,3.97124572631,3.51657940663,3.75283644615,..,..,..,..,1.99687876853,3.19001386963,2.94675168017,2.2029830276,2.21254057748,2.26379634376,2.15778251599,2.28240504173,1.78480798511,1.11392405063,1.23946037099,1.29815392397,1.33748317631,..,..,..,..,0.60020169002,1.68010752688,0.78674255105,0.8303279376,0.72712076891,0.65992815972,..,..,..
France,FRA,"CPI Price, seas. adj.,,,",CPTOTSAXN,121.2607632614,121.82417348783,121.80291272457,..,..,..,..,124.88040820666,122.63208249176,123.37620920591,124.01403210375,124.43924736898,124.43924736898,124.64122461996,124.82194110769,125.67237163814,125.9700223238,126.07632614011,126.108217285,126.37397682577,..,..,..,..,127.37411856419,126.54406293186,127.01179972361,126.74604018284,127.19251621133,127.25629850112,127.33071117253,127.67088338471,127.91538216222,127.37323269905,127.63899223982,127.74529605613,128.06420750505,..,..,..,..,128.13862017646,128.670139258,128.0110555969,127.79844796428,128.1173594132,128.09609864994,..,..,..
France,FRA,"CPI Price,not seas.adj,,,",CPTOTNSXN,121.70103643552,122.08569291591,121.97884389358,..,..,..,..,125.51821775831,122.44897959184,123.70979805535,124.7889731809,125.54760123945,125.48349182605,125.70787477295,125.77198418635,127.03280264986,126.35965380917,126.54129714713,126.32759910247,126.4985575382,..,..,..,..,128.02738896606,126.28485949354,127.37471952132,127.65252697938,128.29362111337,128.3363607223,128.4325248424,128.66759269153,129.35142643445,127.74869109948,128.10129287317,127.91964953521,128.16540228657,..,..,..,..,128.78298963565,128.368415429,128.38978523347,128.62485308259,129.35142643445,129.18046799872,..,..,..
France,FRA,"Exchange rate, new LCU per USD extended backward, period average,,",DPANUSSPB,1.0161992969,0.98024463085,0.94461230347,..,..,..,..,0.92466452082,0.92785725447,0.93322537755,0.93319129921,0.9128520083,0.91960121215,0.92336529683,0.90430826438,0.91621983088,0.93629407848,0.94658213027,0.92485356911,0.91762392816,..,..,..,..,0.92438891162,0.9159237401,0.92662978558,0.91941588621,0.93215496077,0.92546916674,0.9292299951,0.92194032278,0.90766778684,0.90074362076,0.91753448197,0.94093446167,0.95502273087,..,..,..,..,0.91752867341,0.96638796982,0.9604865469,0.92596140249,0.89123141673,0.88702127346,0.87408343104,..,..
France,FRA,"Exchange rate, old LCU per USD extended forward, period average,,",DPANUSSPF,6.66652380952,6.43113636364,6.19759090909,..,..,..,..,6.06581640022,6.08634090909,6.1219625,6.12175,5.98855,6.032,6.05745454545,5.93254761905,6.01017391304,6.1420952381,6.20977272727,6.06736363636,6.01978571429,..,..,..,..,6.06404764571,6.00843478261,6.07866666667,6.03166666667,6.11565909091,6.07086956522,6.09565,6.04882608696,5.95429545455,5.90871428571,6.01854347826,6.1729047619,6.26434090909,..,..,..,..,6.01879447581,6.33854347826,6.30085,6.07471428571,5.84638636364,5.81863636364,5.73363636364,..,..
France,FRA,"Exports Merchandise, Customs, constant US$, millions, not seas. adj.",DXGSRMRCHNSKD,41495.0118577159,42660.9240992545,43838.6324986926,135821.211965293,127774.661456807,114610.991206137,127994.568455663,511171.208175247,40648.8570872646,41342.1078012323,46068.482205581,39998.9747609179,44083.8097872628,48043.1081018249,43599.5246733337,36542.7992278501,40825.9632710006,43705.1642859042,45021.8242394935,41290.5927335815,128059.447094078,132125.892650006,120968.287172184,130017.581258979,493231.247964739,39594.9946854757,42540.4620966332,44077.2800085199,41747.5727670154,40175.2651022433,43026.6823071199,43892.449526266,33623.5479893719,39815.3792489802,44819.6346213927,40255.4748821537,39662.5047295665,126212.736790629,124949.520176379,117331.376764618,124737.614233113,..,35816.343956663,36314.9056247402,42876.3817745403,..,..,..,115007.631355943,..
France,FRA,"Exports Merchandise, Customs, constant US$, millions, seas. adj.",DXGSRMRCHSAKD,38710.8528927844,40897.7100299171,42288.879450606,134068.878183109,127042.113821955,120918.983647948,121897.442373307,508571.229361199,41844.4455722306,41916.1531371657,42223.5166691181,40990.4470384408,44891.2876812936,44742.0336915715,43114.9339693697,43434.0877289579,40971.042952521,40962.2754317993,43398.9171784231,40082.088310308,125984.115378514,130623.768411306,127520.064650849,124443.28092053,490547.526577879,41006.2155893162,43016.2340067296,40165.2995307065,42594.9166777563,40632.2786052005,39980.896634603,43262.1901041609,39932.5473263124,40249.1753946253,42106.0136710752,38924.972960371,38676.7860770218,124187.749126752,123208.09191756,123443.912825099,119707.772708468,..,37106.7853159278,36634.9170215884,38938.7116950349,..,..,..,112680.414032551,..
France,FRA,"Exports Merchandise, Customs, current US$, millions, not seas. adj.",DXGSRMRCHNSCD,51597.1622496737,55267.8365123146,59278.2878164095,180359.758637242,169257.463285619,149310.593526963,166143.286578398,712581.548037895,57019.5466434734,57798.4710849192,64928.8093999994,56984.0450881707,61433.1508631653,66513.2209441485,61176.0415989538,50776.0238669463,55832.8854164833,59364.103972803,62948.3433314951,57806.9058273368,179746.827128392,184930.416895484,167784.950882384,180119.353131635,702177.039477478,56492.694461801,59461.7190787907,63154.2274515115,58573.952076612,56958.1374449702,60997.8157175217,62616.8511926111,48994.7981461038,57764.4945804222,64143.6383664037,57170.8255900227,55847.8853707077,179108.640992103,176529.905239104,169376.143919137,177162.349327134,..,51206.1424037948,52556.6965650626,63878.4725159176,63705.1151186098,..,..,167641.311484775,..
France,FRA,"Exports Merchandise, Customs, current US$, millions, seas. adj.",DXGSRMRCHSACD,48830.3646416169,53835.0243831185,58098.3520843789,177301.612534333,168702.629602758,159122.036834876,160763.741109114,713181.792453357,58525.8708720216,58622.2857020483,59102.2813688472,58273.8234450266,62833.468115233,62317.8970979688,60912.7334790033,60867.4316157623,56787.922001626,56479.8638990673,61494.206844679,56964.0080120735,176250.437942917,183425.188658228,178568.087096392,174938.07875582,702719.479568688,58385.5402265525,60244.4944705411,57109.9657640838,59688.4336662821,57908.1139694445,56977.2605280888,62240.4634281264,58633.4146148091,59268.3611365738,61208.5639520737,55878.9438900903,55175.9239220224,175740.000461177,174573.808163815,180142.239179509,172263.431764186,..,52924.2833113177,53138.4775930376,57605.111933942,64940.6067350669,..,..,163667.872838297,..
France,FRA,"Exports Merchandise, Customs, Price, US$, not seas. adj.",DXGSRMRCHNSXD,1.24345457296,1.29551428337,1.3521929047,1.32797630868,1.32461367427,1.30406960934,1.29705392034,1.39412498501,1.40273431356,1.39805332043,1.40939762483,1.42463764206,1.39355357805,1.38444874972,1.40313551713,1.38949464573,1.36758280621,1.35828579855,1.39817398328,1.40000184062,1.40339508627,1.40087998994,1.38673765635,1.38548720748,1.42414968311,1.42676353187,1.39776852785,1.43280682109,1.40305048161,1.41774142125,1.41767416047,1.42659732752,1.45715729231,1.45080859884,1.43115040781,1.42020000403,1.40807762272,1.41911296027,1.41282202111,1.44485440622,1.41980934486,1.45558799122,1.42968647123,1.44724860662,1.48982889582,..,..,..,1.45558799122,..
France,FRA,"Exports Merchandise, Customs, Price, US$, seas. adj.",DXGSRMRCHSAXD,1.26141278201,1.31633346571,1.37384468066,1.32256292176,1.32806802661,1.31618053566,1.31719697613,1.40235830672,1.39865327576,1.39856072933,1.39974796112,1.42164400867,1.39968068106,1.39282665441,1.41279895088,1.40137469896,1.38605019324,1.37882632993,1.41695256109,1.42118363622,1.39898732207,1.40471711471,1.40007461436,1.40565417575,1.43276191901,1.4238217155,1.40050601503,1.4218732695,1.40130415368,1.42517515525,1.42511212414,1.4386803645,1.46831140362,1.47253603473,1.45367748251,1.43555511129,1.42659019837,1.41540033334,1.41719714436,1.45984260095,1.43860759739,1.4520452884,1.42626969328,1.45048718308,1.47937898884,..,..,..,1.4520452884,..
France,FRA,"GDP,constant 2010 LCU,millions,seas. adj.,",NYGDPMKTPSAKN,..,..,..,631662,634417,637847,640023,2585206,..,..,..,..,..,..,..,..,..,..,..,..,640481,646280,647832,650613,2613662,..,..,..,..,..,..,..,..,..,..,..,..,651335,652649,655091,654587,655375,..,..,..,..,..,..,655375,..
France,FRA,"GDP,constant 2010 US$,millions,seas. adj.,",NYGDPMKTPSAKD,..,..,..,781693.846147545,785103.211514049,789347.902333326,792040.744089228,3199242.03327683,..,..,..,..,..,..,..,..,..,..,..,..,792607.527877925,799783.901656638,801704.531438422,805146.072303847,3234456.87932737,..,..,..,..,..,..,..,..,..,..,..,..,806039.561158517,807665.661373249,810687.683233504,810063.9735621,811039.138683263,..,..,..,..,..,..,811039.138683263,..
France,FRA,"GDP,current LCU,millions,seas. adj.,",NYGDPMKTPSACN,..,..,..,648970,655178,668087,680545,2830250,..,..,..,..,..,..,..,..,..,..,..,..,691285,706546,711575,720844,2921211,..,..,..,..,..,..,..,..,..,..,..,..,724704,725018,735805,735684,739563,..,..,..,..,..,..,739563,..
France,FRA,"GDP,current US$,millions,seas. adj.,",NYGDPMKTPSACD,..,..,..,727975.503611947,697850.929285277,672727.965807343,694184.279215225,3061035.41140073,..,..,..,..,..,..,..,..,..,..,..,..,742180.27689426,769150.068013653,774342.654500825,775362.41199199,3160555.09192957,..,..,..,..,..,..,..,..,..,..,..,..,787160.057111131,780469.269045191,808472.760279883,784453.005493367,777713.497316683,..,..,..,..,..,..,777713.497316683,..
France,FRA,"Imports Merchandise, Customs, constant US$, millions, not seas. adj.",DMGSRMRCHNSKD,44725.211168258,47267.6785142874,45703.8801934815,134814.400758311,135708.099035758,133914.763143635,137696.769876027,494305.328297514,43176.2953673065,41034.9692675525,44941.257327849,40330.4963090055,43059.1322703603,44911.610033531,40233.1690436809,36451.9108324862,40448.7892057413,42351.3783185943,41067.9098650432,36298.4104563629,129152.521962708,128301.238612897,117133.869081909,119717.69864,464896.783890937,37952.7917402249,38656.7476205924,40151.986072857,40143.0391602262,39484.7369421025,39891.3263976363,39296.6436972835,33506.6795174031,39044.4620186437,41985.0155510256,39054.4392645713,35728.91590837,116761.525433674,119519.102499965,111847.78523333,116768.370723967,..,36726.2102866422,36342.5598964288,39897.2989012162,..,..,..,112966.069084287,..
France,FRA,"Imports Merchandise, Customs, constant US$, millions, seas. adj.",DMGSRMRCHSAKD,41880.529838666,45473.1908140721,46986.5009856115,137002.829807856,135982.876687318,140002.107684941,134340.22163835,499054.405899444,45088.9001759186,43376.0024158444,43161.4841857762,41381.3294638914,43465.5789819624,43375.639373677,41644.7568152016,41481.2357408543,39353.3997867416,39622.5137741332,39596.2100260862,37507.3551593571,131626.386777539,128222.547819531,122479.392342798,116726.078959576,469213.195897857,39674.2004403133,40890.1775756955,38640.3613469381,40943.5901077904,39687.5934259118,38593.845370849,40708.0537746083,38055.9388087725,38085.9175896696,39232.0548287919,37678.952065696,37022.5105628213,119204.739362947,119225.028904551,116849.91017305,113933.517457309,..,38271.9680511385,38400.0681096685,38576.9757187761,..,..,..,115249.011879583,..
France,FRA,"Imports Merchandise, Customs, current US$, millions, not seas. adj.",DMGSRMRCHNSCD,63564,69031,69265,199129,202941,196414,201860,764711,67687,62948,69497,62638,65954,68567,63282,56406,61746,64720,64182,57084,200132,197159,181434,185986,733609,60178,60490,63574,62939,62305,62346,62687,53569,62653,66244,61043,55581,184242,187590,178909,182868,..,57860,57738,65253,65258,..,..,180851,..
France,FRA,"Imports Merchandise, Customs, current US$, millions, seas. adj.",DMGSRMRCHSACD,60011.2178934039,66878.9331194524,70317.6594866332,197967.708355342,201157.207939889,204736.829466982,197207.81049949,765044.103184673,68640.1029698024,65409.3975842328,65435.4283506899,63222.9070629123,66045.9504299743,65611.4124019799,64599.0777026473,63731.7595758231,60648.2113148486,61085.9507583481,62253.1319804776,58360.7730529371,199484.928904725,194880.269894867,188979.048593319,181699.855791763,733786.338633565,61196.7112127427,62820.2024036457,59931.1420717281,63072.9726034242,62093.14483757,59797.4831943288,63997.8978424696,60421.1474680784,61754.8061430356,62469.6968851544,59199.6715602831,57031.4624111045,183948.055688117,184963.600635323,186173.851453584,178700.830856542,..,58666.9559767746,59898.506633805,61740.7616753186,65271.2075352137,..,..,180306.224285898,..
France,FRA,"Imports Merchandise, Customs, Price, US$, not seas. adj.",DMGSRMRCHNSXD,1.42121184763,1.46042712843,1.51551683811,1.4766919432,1.49542271249,1.46801005341,1.46571860472,1.54750551872,1.56768892338,1.5340087034,1.54639643241,1.55311750989,1.53170759656,1.5267099075,1.57288131917,1.54740859153,1.52652282584,1.52816750173,1.56282606568,1.57263084753,1.5493646864,1.53717833798,1.54893757885,1.55454147165,1.57812860482,1.58560140745,1.56479796474,1.58333388253,1.56786833575,1.57795150292,1.56289613884,1.59522529412,1.59875585321,1.60465778655,1.5778010114,1.56302333741,1.55563074297,1.57791108491,1.5695719925,1.59954631129,1.56548503059,1.59989389713,1.57544161373,1.58871582422,1.63552425345,..,..,..,1.59989389713,..
France,FRA,"Imports Merchandise, Customs, Price, US$, seas. adj.",DMGSRMRCHSAXD,1.43291448615,1.47073323693,1.4965502434,1.4447014448,1.47934466526,1.46242473485,1.46673265549,1.53374057537,1.52232817172,1.50796278913,1.51606066346,1.52781237051,1.51950007286,1.51263274385,1.55119353894,1.53639973442,1.54111745474,1.54169801307,1.57219925694,1.55598209484,1.51545054144,1.51998172907,1.54290357604,1.55662645495,1.56411925421,1.54248127331,1.53631522601,1.55099848921,1.54048466286,1.56454799794,1.54940464262,1.57211882928,1.58769299509,1.62146037305,1.59231264225,1.57116024504,1.54045367384,1.54326499618,1.55147910114,1.59375739914,1.56797552037,1.56440222087,1.53289624141,1.55985417689,1.6004562443,..,..,..,1.56440222087,..
France,FRA,"Industrial Production, constant US$, seas. adj.,,",IPTOTSAKD,29209637842.9673,29576371946.058,29860957610.0564,..,..,..,..,357105132479.941,29397405703.7497,29790544662.263,29385670212.4508,29476620270.0173,30119138418.6322,29863891482.8811,29834552754.6339,29825751136.1597,29793478535.0877,29772941425.3146,29858023737.2317,29987114141.5196,..,..,..,..,356603440226.913,29772941425.3146,29822817263.3349,29728933332.9437,29990048014.3443,29403273449.3992,29676123622.0987,29725999460.119,29822817263.3349,29743602697.0673,29684925240.5728,29658520385.1503,29573438073.2333,..,..,..,..,..,29415008940.6981,29734801078.5932,29764139806.8404,29362199229.853,..,..,..,..
France,FRA,"Industrial Production, constant US$,,,",IPTOTNSKD,30726480582.9101,31447971174.8187,31141337673.2575,..,..,..,..,363778562651.146,31444964964.0191,30377760130.1542,33519250415.7565,28835573989.9495,29235400026.2988,32373884101.1015,28925760313.938,24046680186.1557,30498008562.139,31880865529.9639,32533213273.4813,30107201158.1885,..,..,..,..,364145320368.7,31880865529.9639,31102256932.8625,32331797149.9068,30822679328.4979,28429735532.0008,30669362577.7173,30960965025.2804,23613785831.0105,30317635914.1618,32545238116.6798,30933909128.0838,30537089302.534,..,..,..,..,..,31490058126.0134,30386778762.5531,32361859257.903,30230455800.9729,..,..,..,..
France,FRA,"Months Import Cover of Foreign Reserves,,,,",IMPCOV,1.73001708185,1.57132121203,1.53066198788,..,..,..,..,0.11095037099,1.42767254554,1.23078629388,1.25304628176,1.30359321593,1.23435582057,1.24243283274,1.27572289422,1.29611098071,1.32861078328,1.34382788449,1.3489664856,1.45443459079,..,..,..,..,0.11454908419,1.39985352564,1.35833661511,1.4194357858,1.3296820686,1.35801716954,1.39895063052,1.31528786379,1.4155693177,1.40136399705,1.36206357781,1.42928028353,1.47382777025,..,..,..,..,..,1.47813697924,1.45177135073,1.43100130481,1.39259664226,..,..,..,..
France,FRA,"Nominal Effective Exchange Rate,,,,",NEER,..,..,..,..,..,..,..,..,..,..,..,..,..,..,..,..,..,..,..,..,..,..,..,..,..,..,..,..,..,..,..,..,..,..,..,..,..,..,..,..,..,..,..,..,..,..,..,..,..,..
France,FRA,"Official exchange rate, LCU per USD, period average,,",DPANUSLCU,6.66652380952,6.43113636364,6.19759090909,..,..,..,..,6.06581640022,6.08634090909,6.1219625,6.12175,5.98855,6.032,6.05745454545,5.93254761905,6.01017391304,6.1420952381,6.20977272727,6.06736363636,6.01978571429,..,..,..,..,6.06404764571,6.00843478261,6.07866666667,6.03166666667,6.11565909091,6.07086956522,6.09565,6.04882608696,5.95429545455,5.90871428571,6.01854347826,6.1729047619,6.26434090909,..,..,..,..,6.01879447581,6.33854347826,6.30085,6.07471428571,5.84638636364,5.81863636364,5.73363636364,..,..
France,FRA,"Real Effective Exchange Rate,,,,",REER,..,..,..,..,..,..,..,..,..,..,..,..,..,..,..,..,..,..,..,..,..,..,..,..,..,..,..,..,..,..,..,..,..,..,..,..,..,..,..,..,..,..,..,..,..,..,..,..,..,..
France,FRA,"Retail Sales Volume,Index,,,",RETSALESSA,107.46357052467,106.52456845212,106.62890201574,..,..,..,..,111.91887210856,111.5711984972,111.46138432545,111.1319418102,111.23520093902,112.2373198664,113.0167456988,113.53213055526,111.19470433795,112.19645843108,111.00965079335,112.32988449952,112.10984554849,..,..,..,..,114.18729270645,113.54274792173,114.32043797599,113.54274792173,113.07942117708,112.85920808813,112.30867536575,114.96996672089,118.34151999717,117.33005401429,113.42664184359,113.64477000098,112.88132145011,..,..,..,..,..,112.5077035092,112.07746372523,112.40014356321,..,..,..,..,..
France,FRA,"Terms of Trade,,,,",TOT,0.87492556091,0.88707903199,0.89223218819,..,..,..,..,..,0.89477848101,0.91137248265,0.91140770587,0.91727614491,0.90980392157,0.90681847476,0.89207971385,0.897949419,0.89588100686,0.88883306117,0.89464465303,0.89022916142,..,..,..,..,..,0.89982483944,0.89325814536,0.90493030996,0.89487774554,0.8984695782,0.90708149137,0.8942920682,0.91143202972,0.90412336574,0.90705380303,0.90862367186,0.9051490073,..,..,..,..,..,0.9074829932,0.91095498928,0.91091825308,..,..,..,..,..
France,FRA,"Unemployment rate,Percent,,,",UNEMPSA_,6.93333333333,6.9,6.86666666667,..,..,..,..,7.075,6.78888888889,6.78888888889,6.82222222222,6.93333333333,7,7.06666666667,7.14814814815,7.2037037037,7.24814814815,7.2962962963,7.30740740741,7.2962962963,..,..,..,..,7.15,7.23333333333,7.2,7.16666666667,7.1037037037,7.09259259259,7.1037037037,7.1962962963,7.20740740741,7.1962962963,7.1037037037,7.09259259259,7.1037037037,..,..,..,..,..,7.13703703704,7.19259259259,7.27037037037,..,..,..,..,..
China,CHN,"Stock Markets, LCU,,,",DSTKMKTXN,94.77892196783,97.09394656203,98.86491125057,..,..,..,..,100.14441691106,100.75509016632,103.10198396496,103.07368736847,104.71124350788,103.45764433739,101.43626403402,101.44944226833,100.18819070316,98.59855742854,95.68811016869,96.06798066936,93.20480831561,..,..,..,..,96.39321158142,90.59807957072,91.30645300546,96.02447060376,96.41426642412,98.76359548582,95.16581769504,92.95316736406,90.35346753298,89.13117789259,103.33442147812,105.796500124,106.87712180034,..,..,..,..,104.83858638873,101.72897249357,105.02211645113,106.41709454607,103.07193794617,105.99388413565,106.79751275978,..,..
China,CHN,"Stock Markets, US$,,,",DSTKMKTXD,89.71009905567,92.43943403862,96.74982640042,..,..,..,..,96.67406271706,101.36523984466,102.98173480754,102.06866563228,103.78460061517,100.95528529516,96.67771504381,96.37378621053,94.35418279087,92.26810223837,89.38838347809,90.78653507528,89.08452157296,..,..,..,..,91.41177351625,86.26499479766,86.65555591334,91.00874770734,90.93299232244,93.21360484967,89.54190006736,87.38668727815,86.28555663679,86.01250089441,99.26394283463,100.17801877109,100.19678012206,..,..,..,..,98.65297455496,95.00800652146,98.5492796308,100.18253509931,96.38597402624,100.34702946773,101.44502258419,..,..
China,CHN,"Total Reserves,,,,",TOTRESV,3115100.07991329,3180688.70837939,3191710.0478154,..,..,..,..,3303964.98693626,3249669.90387428,3198048.8441459,3249808.00837279,3270901.96938545,3242124.19431761,3257383.74064653,3267837.65072994,3225097.31071056,3179082.4930162,3165294.05982366,3237158.4369144,3303964.98693626,..,..,..,..,3266692.78445238,3285326.88417985,3291353.44425283,3310874.21489107,3265407.81216183,3296923.65902635,3286642.8799447,3321207.03334897,3354555.26671194,3382893.70935333,3325992.65444976,3330730.23920324,3266692.78445238,..,..,..,..,..,3273950.27592518,3292406.24086471,3306801.13294204,3350277.02952961,3354013.85704746,..,..,..
China,CHN,"Core CPI,not seas.adj,,,",CORENS,120.52375873919,120.28676383458,120.40526128688,..,..,..,..,120.97503653672,120.89110084133,120.64225619149,120.64225619149,120.7607536438,120.7607536438,120.64225619149,121.24659319825,121.24659319825,121.36509065055,121.36509065055,121.00959829364,121.12809574594,..,..,..,..,121.42631433424,121.49543784809,122.09977485484,121.36509065055,121.60208555516,121.36509065055,121.24659319825,121.60208555516,121.36509065055,121.24659319825,121.24659319825,121.11624600071,121.36509065055,..,..,..,..,121.86988979737,121.96942765731,121.72058300747,121.72058300747,121.96942765731,121.96942765731,..,..,..
China,CHN,"Core CPI,seas.adj,,,",CORESA,120.38616441602,120.43354655295,120.54015636105,..,..,..,..,120.93599463003,120.56384742952,120.56384742952,120.67045723762,120.67045723762,120.76522151149,120.78891257996,121.0495143331,121.16796967543,121.2627339493,121.2627339493,121.20350627813,121.2627339493,..,..,..,..,121.38711205875,121.42857142857,121.73655531865,121.38118929164,121.49964463397,121.3693437574,121.39303482587,121.39303482587,121.27457948354,121.16796967543,121.1561241412,121.3338071547,121.51149016821,..,..,..,..,121.75787728027,121.66548211324,121.55887230514,121.72470978441,121.85501066098,121.98531153755,..,..,..
China,CHN,"CPI Price, % y-o-y, median weighted, seas. adj.,",CPTOTSAXMZGY,..,..,..,..,..,..,..,..,..,..,..,..,..,..,..,..,..,..,..,..,..,..,..,..,..,..,..,..,..,..,..,..,..,..,..,..,..,..,..,..,..,..,..,..,..,..,..,..,..,..
China,CHN,"CPI Price, % y-o-y, not seas. adj.,,",CPTOTSAXNZGY,2.10682492582,1.5926071569,1.86372152648,..,..,..,..,0.33580999968,1.89386466759,1.54527559055,0.94995592988,0.30182066011,0.25294289328,-0.00970026191,-0.27123898092,0.08733624454,0.10678574896,-0.20342923569,-0.33868782659,-0.23233301065,..,..,..,..,0.24818509596,-0.16456921588,0.08723466124,0.07760962359,0.22325761988,0.2717127608,0.27163368258,0.53423992229,0.60112468489,0.36850271528,0.34944670938,0.23303233324,0.12614011256,..,..,..,..,-0.22789403653,0.24241248909,-0.47453031183,-0.06785575805,-0.08716707022,-0.21291009387,..,..,..
China,CHN,"CPI Price, seas. adj.,,,",CPTOTSAXN,134.74742200757,134.89100639603,134.83879389114,..,..,..,..,134.55380063525,134.83879389114,134.66910325023,134.55162511422,134.47330635687,134.51246573554,134.55162511422,134.38193447331,134.62994387156,134.60383761911,134.47330635687,134.4341469782,134.52551886177,..,..,..,..,134.88774311448,134.61689074533,134.78658138624,134.65605012401,134.77352826002,134.87795326981,134.91711264848,135.09985641561,135.43923769743,135.09985641561,134.94321890093,134.74742200757,134.69520950268,..,..,..,..,134.58034199191,134.94321890093,134.14697820128,134.56467824044,134.65605012401,134.59078449289,..,..,..
China,CHN,"CPI Price,not seas.adj,,,",CPTOTNSXN,134.27754677755,134.00467775468,134.00467775468,..,..,..,..,133.94620582121,135.08316008316,134.40748440748,134.00467775468,133.86174636175,133.60187110187,133.329002079,133.60187110187,134.00467775468,134.26455301455,134.13461538462,133.45893970894,133.60187110187,..,..,..,..,134.2742983368,133.99168399168,135.34303534304,133.97869022869,134.12162162162,133.97869022869,133.71881496882,134.3814968815,134.92723492724,134.92723492724,134.51143451143,133.70582120582,133.70582120582,..,..,..,..,134.10862785863,134.64137214137,134.3814968815,133.83575883576,133.97869022869,133.70582120582,..,..,..
China,CHN,"Exchange rate, new LCU per USD extended backward, period average,,",DPANUSSPB,7.18985714286,7.17234090909,6.97640909091,..,..,..,..,7.08044370376,6.78845454545,6.8355375,6.89442391304,6.887775,6.9865,7.16695454545,7.1869047619,7.25047826087,7.29565306122,7.30483116883,7.22495454545,7.14285714286,..,..,..,..,7.19724754023,7.16789130435,7.1940952381,7.20345238095,7.23815909091,7.23284782609,7.255725,7.26193478261,7.14890909091,7.07823809524,7.0927826087,7.21057142857,7.28236363636,..,..,..,..,7.25552882866,7.30067080745,7.27567857143,7.25211904762,7.30075,7.21604545455,7.18790909091,..,..
China,CHN,"Exchange rate, old LCU per USD extended forward, period average,,",DPANUSSPF,7.18985714286,7.17234090909,6.97640909091,..,..,..,..,7.08044370376,6.78845454545,6.8355375,6.89442391304,6.887775,6.9865,7.16695454545,7.1869047619,7.25047826087,7.29565306122,7.30483116883,7.22495454545,7.14285714286,..,..,..,..,7.19724754023,7.16789130435,7.1940952381,7.20345238095,7.23815909091,7.23284782609,7.255725,7.26193478261,7.14890909091,7.07823809524,7.0927826087,7.21057142857,7.28236363636,..,..,..,..,7.25552882866,7.30067080745,7.27567857143,7.25211904762,7.30075,7.21604545455,7.18790909091,..,..
China,CHN,"Exports Merchandise, Customs, constant US$, millions, not seas. adj.",DXGSRMRCHNSKD,204993.036541068,212011.228632649,206802.029417983,..,618596.72959602,682594.230688908,623806.2945917,..,..,144134.136230981,232313.45087374,200793.508884229,216850.895976306,211897.286992643,223144.472754566,238628.155216096,240141.489568879,215398.237383139,236839.547944053,236118.716221629,..,629541.691853178,701914.117539541,688356.50154882,..,..,174269.459613332,230226.555578581,223691.758243824,249114.757575999,245407.743243688,259003.295069115,272706.735983187,250766.670345339,248598.63201397,266116.319065274,281510.837353166,..,718214.259063511,782476.70139764,796225.78843241,..,..,174707.513621753,271244.437791821,252303.342349158,..,..,..,..
China,CHN,"Exports Merchandise, Customs, constant US$, millions, seas. adj.",DXGSRMRCHSAKD,202080.848705862,192706.959904254,185719.947482913,..,603977.870923445,616582.805503415,580507.756093029,..,..,197082.597225925,223526.30012082,204033.579810329,203796.844179024,204716.719066137,203808.671844831,211472.439655261,218461.711541469,212585.203717983,217272.37234691,213832.389610388,..,612547.143055489,633742.823041562,643689.965675281,..,..,237081.834090277,220870.613797878,227154.179800641,233990.537090476,236098.044179524,236447.354442163,240578.0758204,227873.306708146,245069.32966363,245487.155961238,256555.13275304,..,697242.761070641,704898.736970708,747111.618377908,..,..,237019.85479682,260339.618722816,255818.849322601,..,..,..,..
China,CHN,"Exports Merchandise, Customs, current US$, millions, not seas. adj.",DXGSRMRCHNSCD,293614,290615,296900,810942,896271,956092,881129,3379045,284409,208641,302448,288077,280919,283377,280779,283839,296453,274198,292629,303276,795498,852373,861071,870103,3576960,306341,221714,279416,291940,301767,307336,300262,308277,303439,308972,311986,335510,807471,901043,911978,956468,..,324768,215173,313912,315692,316101,..,853853,..
China,CHN,"Exports Merchandise, Customs, current US$, millions, seas. adj.",DXGSRMRCHSACD,291810.952111777,276794.575795107,273762.621849159,905744.769159905,888085.03988229,914966.043420668,842368.149756043,3389310.3948455,273554.070976671,289362.960504356,321658.940387503,289421.943365723,279735.498925147,272996.46714295,270551.190100935,274170.505170154,281921.608888071,272967.333457885,281879.358820583,281090.517105519,884575.97186853,842153.90943382,826643.30415916,835937.209383987,3581208.69260219,294150.837913282,306063.632406455,293586.390692105,292126.074062011,299656.007679092,295550.731470483,290454.328923372,298516.125869179,288571.245898637,307640.407006113,302410.66520938,312482.245472077,893800.861011842,887332.813211586,877541.700691188,922533.31768757,..,311721.055113913,296143.635293289,327704.062640929,315099.930008875,313186.266574593,..,935568.753048131,..
China,CHN,"Exports Merchandise, Customs, Price, US$, not seas. adj.",DXGSRMRCHNSXD,1.43231206754,1.37075286943,1.43567256489,1.39238417534,1.45117011686,1.40052104644,1.41291250062,1.2992832168,..,1.44754744057,1.30189620473,1.43469279261,1.29544772566,1.3373318933,1.25828346333,1.18946148556,1.23449305046,1.27298163314,1.23555800769,1.28442168776,1.37472182265,1.35582413719,1.22741266645,1.26432044286,1.21468439918,..,1.2722481638,1.21365669263,1.30509949178,1.21135737977,1.25234842201,1.15929799241,1.13043412327,1.21004517699,1.24285478764,1.1723670352,1.19181912552,1.24295242822,1.25626843119,1.16659243089,1.20234698279,1.2133871085,..,1.23161846643,1.15730299414,1.25123986492,..,..,1.19446073028,1.25123986492
China,CHN,"Exports Merchandise, Customs, Price, US$, seas. adj.",DXGSRMRCHSAXD,1.44403071335,1.43634965718,1.47406148645,1.47831879837,1.47000324801,1.48410095752,1.45148061899,1.34929817843,..,1.46823192193,1.43902055469,1.41850152134,1.37261938502,1.33353283693,1.32747634167,1.29648338865,1.29048521546,1.28403731155,1.29735481679,1.31453666873,1.45362623831,1.3748845811,1.30481498193,1.29864293236,1.26176867289,..,1.29096197345,1.32922341114,1.2860255282,1.28063301792,1.2518135527,1.22841014487,1.24082847055,1.26636704433,1.25531990245,1.23187978624,1.21799256994,1.31009269229,1.27282403294,1.24520188658,1.23506408621,1.24664441689,..,1.24944653074,1.25875602126,1.23173069867,..,..,1.254101276,1.23173069867
China,CHN,"GDP,constant 2010 LCU,millions,seas. adj.,",NYGDPMKTPSAKN,..,..,..,28739916.7554799,28509094.4918593,29171913.4755463,29431540.145625,122097479.202437,..,..,..,..,..,..,..,..,..,..,..,..,29980985.1343056,30403410.0476909,30684721.3167983,31028362.7036425,128127149.63134,..,..,..,..,..,..,..,..,..,..,..,..,31478926.017955,31844128.2052698,32107998.5206694,32696096.8874456,33167847.02675,..,..,..,..,..,..,33167847.02675,..
China,CHN,"GDP,constant 2010 US$,millions,seas. adj.,",NYGDPMKTPSAKD,..,..,..,3209930.89233033,3184150.59794266,3258180.14889305,3287177.5769597,13636938.2591491,..,..,..,..,..,..,..,..,..,..,..,..,3348544.50637037,3395724.69797294,3427144.05596033,3465524.99884543,14310385.7692785,..,..,..,..,..,..,..,..,..,..,..,..,3515847.93867394,3556636.98454983,3586108.38087211,3651792.46518262,3704481.73907641,..,..,..,..,..,..,3704481.73907641,..
China,CHN,"GDP,current LCU,millions,seas. adj.,",NYGDPMKTPSACN,..,..,..,30506288.4714554,30424328.6020202,31154553.3990683,31323521.0633922,129417678.213649,..,..,..,..,..,..,..,..,..,..,..,..,31983744.8667727,32240872.4799238,32453543.988342,32739516.8786103,134834872.354175,..,..,..,..,..,..,..,..,..,..,..,..,33224708.1527798,33564648.753312,33769299.3261285,34276216.121955,34708298.2695449,..,..,..,..,..,..,34708298.2695449,..
China,CHN,"GDP,current US$,millions,seas. adj.,",NYGDPMKTPSACD,..,..,..,4804757.92548801,4606191.00361056,4547173.3934429,4403781.4915034,18284919.8442493,..,..,..,..,..,..,..,..,..,..,..,..,4676347.08226969,4596813.94715196,4479844.95073419,4531913.86409342,18734627.6364005,..,..,..,..,..,..,..,..,..,..,..,..,4621938.13037615,4634564.7677075,4714389.29432548,4763735.44399134,4770142.03535329,..,..,..,..,..,..,4770142.03535329,..
China,CHN,"Imports Merchandise, Customs, constant US$, millions, not seas. adj.",DMGSRMRCHNSKD,179999.624264637,198142.078557968,203545.226634208,..,484399.156180503,553167.897692772,581686.929456814,..,..,170693.292541734,204715.355178507,165265.894772027,170299.847292813,177544.97173729,173563.505894031,198471.72686454,199655.749897352,197009.464520717,199579.548703145,211258.994410337,..,513110.71380213,571690.982655923,607848.007634199,..,..,159643.487146618,203031.148613074,180890.585214817,173212.81983475,171780.220014852,177479.301719647,195044.028249228,200930.850077366,194340.210720748,197335.356175391,219951.136194791,..,525883.625064419,573454.18004624,611626.70309093,..,..,165894.33747587,199409.402311992,180954.546708398,..,..,..,..
China,CHN,"Imports Merchandise, Customs, constant US$, millions, seas. adj.",DMGSRMRCHSAKD,167661.706886247,172054.113631699,167454.118813386,..,489179.102196524,507490.040456966,507169.939331331,..,..,186650.447030891,174922.50165818,165000.737397983,175523.513468615,177503.796839226,171865.782328757,177820.497181942,175259.894461117,183194.775852364,174618.58192929,173681.943418857,..,518028.047705823,524946.173971816,531495.30120051,..,..,173711.335623462,174168.253655637,179757.545257861,178276.461554357,171327.987845554,176713.758666645,174091.89406362,176803.560797719,180386.598524436,172997.377956967,180513.812138097,..,529361.994657772,527609.213527984,533897.7886195,..,..,180043.166419892,171582.591280278,179791.466912183,..,..,..,..
China,CHN,"Imports Merchandise, Customs, current US$, millions, not seas. adj.",DMGSRMRCHNSCD,204823.262929921,222164.565264922,230600.00912165,662940.792617032,664626.129249992,690237.525817599,657587.837316494,2538588.3101596,198130.515715185,195463.780280629,223426.934494953,202271.415660355,212366.707221069,208275.354689769,200684.445916846,213930.715215188,218116.183245824,214693.531411341,222146.726308439,229082,617021.230490766,622913.477571193,632731.344377859,665922.25771978,2555639.03225973,220399.547498961,178743.811061982,217798.344047993,215745.465164108,216360.144389575,204031.988533193,210605.030998446,216200.818942496,223318.286094872,212878.369929015,211938.819986528,227618.405612563,616941.702608936,636137.598086876,650124.136035814,652435.595528106,..,183216.040727986,181082.765966846,208872.74327044,215668.253261651,212461.244826869,..,573171.549965272,..
China,CHN,"Imports Merchandise, Customs, current US$, millions, seas. adj.",DMGSRMRCHSACD,210028.094864418,212067.992701872,214000.010339378,699990.047066218,670696.914363767,672823.111157809,636096.097905668,2542973.12300157,201212.484799402,233425.250396701,218062.669276764,205016.518228529,213224.066385439,208713.756862142,201605.955466789,208251.20777132,208125.085640352,219281.755592741,213394.72051649,212659.652064898,652700.404472867,626954.34147611,617982.248878461,645336.128174129,2556420.22753082,223890.96530818,212663.500652979,212979.267418284,217337.866992908,216385.672153574,204770.970798069,212202.695703035,210259.239525516,214080.705784748,216936.012067591,203988.858948941,210924.472176992,649533.733379443,638494.509944551,636542.641013299,631849.343193524,..,186463.310941904,214802.070399034,204556.92683587,217112.408558516,211843.959550024,..,605822.308176808,..
China,CHN,"Imports Merchandise, Customs, Price, US$, not seas. adj.",DMGSRMRCHNSXD,1.13790939157,1.12123869337,1.13291779392,1.20708688987,1.37206809159,1.25238436533,1.13068862629,1.1358499166,..,1.14511693676,1.09140291064,1.22391504877,1.24701642777,1.17308506488,1.15625946182,1.07789012871,1.09246131583,1.08976252452,1.11307359773,1.08436566518,1.1182599237,1.21467218048,1.10887030212,1.09573392915,1.13024554068,..,1.11964361501,1.07273364474,1.19268487582,1.24910006428,1.18775018751,1.18664559167,1.10847187111,1.11141860998,1.09539023931,1.07400328098,1.03485896709,1.09618862988,1.20984504254,1.13551202425,1.06808416246,1.11028276223,..,1.09155483377,1.0474568443,1.19183660861,..,..,1.06950583904,1.19183660861
China,CHN,"Imports Merchandise, Customs, Price, US$, seas. adj.",DMGSRMRCHSAXD,1.25268970933,1.23256566336,1.27796205824,1.34565018935,1.37140237719,1.32632424915,1.25440581031,1.20959333458,..,1.2506010787,1.2466244606,1.24251879999,1.21478918791,1.17582699964,1.17304301493,1.17113162471,1.18752260054,1.19698694776,1.22206192582,1.22442003975,1.24861276965,1.21104499584,1.17723241339,1.21448963778,1.20315813832,..,1.22423502122,1.22283632607,1.20906116448,1.21376467912,1.19519859757,1.20082724347,1.20774858965,1.21083933388,1.20261712257,1.17914422379,1.16846721965,1.22353567364,1.20600814706,1.20647172234,1.183409522,1.19760513385,..,1.19305872403,1.19217762892,1.20757904859,..,..,1.19261817647,1.20757904859
China,CHN,"Industrial Production, constant US$, seas. adj.,,",IPTOTSAKD,593269505384.02,587193027419.351,588234071202.158,..,..,..,..,7312997365799.9,595356261703.429,597439643245.684,603375329084.239,593661382877.914,599448789228.284,606124175521.27,608263320668.531,615074723133.894,618546999838.763,621078212678.805,626397748895.062,628230778924.03,..,..,..,..,7725044221217.89,632933709307.261,635147391897.387,629402658630.922,636546323894.208,635630646253.679,638560201481.57,640945780334.537,643758364228.675,650798660129.519,654100766673.472,660304459500.939,666915258885.725,..,..,..,..,..,669143870243.592,671738582465.106,677738935773.759,676435847579.514,..,..,..,..
China,CHN,"Industrial Production, constant US$,,,",IPTOTNSKD,520254594222.01,508694441459.94,508026362456.146,..,..,..,..,6981079620158.4,621754882869.786,621754882869.786,683981670080.27,559205986139.616,568439792370.619,638361418106.94,536336210241.897,540738373677.608,581467332944.593,544186138536.472,542277341382.776,542575590938.041,..,..,..,..,7376832920030.6,665275457974.051,665275457974.051,714761024183.615,596666130280.896,600268984908.497,672194847656.198,563679729468.59,565063607405.02,612867046122.89,573020905539.489,571553517727.586,576206210789.719,..,..,..,..,..,704537029429.132,704537029429.132,769794032121.108,633064506005.434,..,..,..,..
China,CHN,"Months Import Cover of Foreign Reserves,,,,",IMPCOV,14.83182562754,14.99843832092,14.91453221312,..,..,..,..,1.29925281437,16.15043871216,13.70052656562,14.90309193752,15.9543338149,15.20524511739,15.60694316282,16.20903332525,15.48657193985,15.27486455193,14.4348263323,15.16981502204,15.53639797138,..,..,..,..,1.27783873296,14.6737805148,15.47681400027,15.54552353863,15.02456915282,15.23633069701,16.05033597846,15.65110670411,15.9543774356,15.80195514095,15.33167602165,16.32800073673,15.48750010246,..,..,..,..,..,17.55814728049,15.3276280566,16.16567663629,15.4310711754,15.8324734119,..,..,..
China,CHN,"Nominal Effective Exchange Rate,,,,",NEER,127.75524168734,125.38677825384,125.70188611817,..,..,..,..,124.72871606506,126.96026959777,127.3870485039,126.84807057992,126.23105691789,125.32201801452,122.72668873408,121.54817820004,122.70981261905,123.89818843766,124.43607798964,124.25415708024,124.42302610603,..,..,..,..,126.19920030798,124.62525118971,125.66961030179,125.42897507088,126.69022092586,126.58188074988,126.99396442356,126.50414824438,126.08165388661,126.12646548491,127.28983280226,..,..,..,..,..,..,..,..,..,..,..,..,..,..,..
China,CHN,"Official exchange rate, LCU per USD, period average,,",DPANUSLCU,7.18985714286,7.17234090909,6.97640909091,..,..,..,..,7.08044370376,6.78845454545,6.8355375,6.89442391304,6.887775,6.9865,7.16695454545,7.1869047619,7.25047826087,7.29565306122,7.30483116883,7.22495454545,7.14285714286,..,..,..,..,7.19724754023,7.16789130435,7.1940952381,7.20345238095,7.23815909091,7.23284782609,7.255725,7.26193478261,7.14890909091,7.07823809524,7.0927826087,7.21057142857,7.28236363636,..,..,..,..,7.25552882866,7.30067080745,7.27567857143,7.25211904762,7.30075,7.21604545455,7.18790909091,..,..
China,CHN,"Real Effective Exchange Rate,,,,",REER,123.99160857143,120.63242704546,120.27297340909,..,..,..,..,116.47615059476,121.47487886364,121.27123775,120.42113652174,118.746987,116.76768978261,114.04467318182,113.20991309524,114.0306126087,114.49269071429,115.09216454546,114.17194545455,113.98987761905,..,..,..,..,114.32829834156,114.19046086957,115.27058357143,114.64202428571,114.89845545455,114.31819913044,114.21998,113.78833978261,113.56051363636,113.48673476191,114.90769192308,..,..,..,..,..,..,..,..,..,..,..,..,..,..,..
China,CHN,"Retail Sales Volume,Index,,,",RETSALESSA,..,..,..,..,..,..,..,..,..,..,..,..,..,..,..,..,..,..,..,..,..,..,..,..,..,..,..,..,..,..,..,..,..,..,..,..,..,..,..,..,..,..,..,..,..,..,..,..,..,..
China,CHN,"Terms of Trade,,,,",TOT,1.25872242391,1.22253439658,1.26723454482,..,..,..,..,..,..,1.26410447187,1.19286488247,1.17221599167,1.03883773847,1.14001271804,1.08823625222,1.10350902553,1.13001076795,1.16812755485,1.1100416093,1.184491292,..,..,..,..,..,..,1.13629743138,1.13136816262,1.09425340946,0.9697840985,1.05438705477,0.97695386099,1.01981308929,1.08873935178,1.13462284311,1.09158608354,1.15167299451,..,..,..,..,..,..,1.12831570923,1.10486938,1.04984177855,..,..,..,..
China,CHN,"Unemployment rate,Percent,,,",UNEMPSA_,..,..,..,..,..,..,..,..,..,..,..,..,..,..,..,..,..,..,..,..,..,..,..,..,..,..,..,..,..,..,..,..,..,..,..,..,..,..,..,..,..,..,..,..,..,..,..,..,..,..
,,,,,,,,,,,,,,,,,,,,,,,,,,,,,,,,,,,,,,,,,,,,,,,,,,,,,
,,,,,,,,,,,,,,,,,,,,,,,,,,,,,,,,,,,,,,,,,,,,,,,,,,,,,
,,,,,,,,,,,,,,,,,,,,,,,,,,,,,,,,,,,,,,,,,,,,,,,,,,,,,
Data from database: Global Economic Monitor (GEM),,,,,,,,,,,,,,,,,,,,,,,,,,,,,,,,,,,,,,,,,,,,,,,,,,,,,
Last Updated: 06/26/2025,,,,,,,,,,,,,,,,,,,,,,,,,,,,,,,,,,,,,,,,,,,,,,,,,,,,,
Code,Long definition,Source
DSTKMKTXN,Local equity market index valued in local currency unit (LCU) terms,World Bank staff calculations based on Datastream and IMF International Finance Statistics data.
DSTKMKTXD,Local equity market index valued in US$ terms,World Bank staff calculations based on Datastream and IMF International Finance Statistics data.
TOTRESV,"Total reserves comprise holdings of monetary gold, special drawing rights, reserves of IMF members held by the IMF, and holdings of foreign exchange under the control of monetary authorities. ",World Bank staff calculations based on Datastream data.
CPTOTSAXMZGY,"Median inflation rate calculated for geographical aggregates (regions, world, etc) of the annual percent change of the CPI. Data is seasonally adjusted.",World Bank staff calculations based on Datastream data.
CPTOTSAXNZGY,"The consumer price index reflects the change in prices for the average consumer of a constant basket of consumer goods. Data is in nominal percentage terms, measured on a year-on-year basis, and seasonally adjusted.",World Bank staff calculations based on Datastream data.
CPTOTSAXN,The consumer price index reflects the change in prices for the average consumer of a constant basket of consumer goods. Data is in nominal terms and seasonally adjusted.,World Bank staff calculations based on Datastream data.
CPTOTNSXN,The consumer price index reflects the change in prices for the average consumer of a constant basket of consumer goods. Data is not seasonally adjusted.,World Bank staff calculations based on Datastream data.
DPANUSSPB,"Local currency units (LCU) per U.S. dollar, with values prior to the currency's introduction presented in the new currency's terms",World Bank staff calculations based on Datastream and IMF International Finance Statistics data.
DPANUSSPF,"Local currency units (LCU) per U.S. dollar, with values after a new currency's introduction presented in the old currency's terms",World Bank staff calculations based on Datastream and IMF International Finance Statistics data.
DXGSRMRCHNSKD,"Merchandise (goods) exports,  free on board (f.o.b.), in constant US$ millions not seasonally adjusted. The base year is 2005.",World Bank staff calculations based on Datastream and IMF International Finance Statistics data.
DXGSRMRCHSAKD,"Merchandise (goods) exports,  free on board (f.o.b.), in constant US$ millions, seasonally adjusted. The base year is 2005.",World Bank staff calculations based on Datastream and IMF International Finance Statistics data.
DXGSRMRCHNSCD,"Merchandise (goods) exports,  free on board (f.o.b.), in current US$ millions, not seasonally adjusted.",World Bank staff calculations based on Datastream and IMF International Finance Statistics data.
DXGSRMRCHSACD,"Merchandise (goods) exports,  free on board (f.o.b.), in current US$ millions, seasonally adjusted.",World Bank staff calculations based on Datastream and IMF International Finance Statistics data.
DXGSRMRCHNSXD,"The price index of Merchandise (goods) exports,  free on board (f.o.b.), in currrent US$ millions. Not seasonally adjusted.",World Bank staff calculations based on Datastream and IMF International Finance Statistics data.
DXGSRMRCHSAXD,"The price index of Merchandise (goods) exports,  free on board (f.o.b.), in US$ seasonally adjusted.",World Bank staff calculations based on Datastream and IMF International Finance Statistics data.
DMGSRMRCHNSKD,"Merchandise (goods) imports, cost, insurance and freight basis (c.i.f.), in constant US$ millions, not seasonally adjusted. The base year is 2005.",World Bank staff calculations based on Datastream and IMF International Finance Statistics data.
DMGSRMRCHSAKD,"Merchandise (goods) exports, cost, insurance and freight basis (c.i.f.), in constant US$ millions, seasonally adjusted. The base year is 2005.",World Bank staff calculations based on Datastream and IMF International Finance Statistics data.
DMGSRMRCHNSCD,"Merchandise (goods) imports, cost, insurance and freight basis (c.i.f.), in current US$ millions, not seasonally adjusted.",World Bank staff calculations based on Datastream and IMF International Finance Statistics data.
DMGSRMRCHSACD,"Merchandise (goods) imports, cost, insurance and freight basis (c.i.f.), in current US$ millions, seasonally adjusted.",World Bank staff calculations based on Datastream and IMF International Finance Statistics data.
DMGSRMRCHNSXD,"The price index of Merchandise (goods) imports, cost, insurance and freight basis (c.i.f.), in constant US$ millions, not seasonally adjusted. The base year is 2005.",World Bank staff calculations based on Datastream and IMF International Finance Statistics data.
DMGSRMRCHSAXD,"The price index of Merchandise (goods) imports, cost, insurance and freight basis (c.i.f.), in constant US$ millions, seasonally adjusted. The base year is 2005.",World Bank staff calculations based on Datastream and IMF International Finance Statistics data.
IPTOTSAKD,"An economic indicator that measures changes in output for the industrial sector of the economy. The industrial sector includes manufacturing, mining, and utilities. Data is in constant US$, seasonally adjusted. The base year is 2005.",World Bank staff calculations based on Datastream data.
IPTOTNSKD,"An economic indicator that measures changes in output for the industrial sector of the economy. The industrial sector includes manufacturing, mining, and utilities. Data is in constant US$, and not seasonally adjusted. The base year is 2005.",World Bank staff calculations based on Datastream data.
IMPCOV,The stock of international reserves is expressed as the number of months of financing-coverage it represents for the given country's imports of merchandise goods.,World Bank staff calculations based on Datastream data.
NEER,A measure of the value of a currency against a weighted average of several foreign currencies,World Bank staff calculations based on Datastream and IMF International Finance Statistics data.
DPANUSLCU,Official exchange rate refers to the exchange rate determined by national authorities or to the rate determined in the legally sanctioned exchange market. It is calculated as an annual average based on monthly averages (local currency units relative to the U.S. dollar).,World Bank staff calculations based on Datastream and IMF International Finance Statistics data.
REER,Real effective exchange rate is the nominal effective exchange rate (a measure of the value of a currency against a weighted average of several foreign currencies) divided by a price deflator or index of costs.,World Bank staff calculations based on Datastream and IMF International Finance Statistics data.
TOT,The terms of trade effect equals capacity to import less exports of goods and services.,World Bank staff calculations based on Datastream data.
